open_time,open,high,low,close,volume,close_time,quote_asset_volume,num_trades,taker_buy_base_volume,taker_buy_quote_volume,ignore
2024-01-01 00:00:00.000,42314.0,44266.0,42207.9,44230.2,206424.144,2024-01-01 23:59:59.999,8897557996.51846,2197331,107259.562,4626093916.74846,0
2024-01-02 00:00:00.000,44230.3,45950.0,44200.9,44979.8,459798.523,2024-01-02 23:59:59.999,20799115632.46685,4584899,226772.856,10258435145.78010,0
2024-01-03 00:00:00.000,44979.7,45582.3,40333.0,42849.5,595855.225,2024-01-03 23:59:59.999,25726152649.43654,5484694,285738.095,12338124587.28819,0
2024-01-04 00:00:00.000,42849.5,44840.8,42625.0,44143.8,333923.098,2024-01-04 23:59:59.999,14582787988.83859,3778259,167326.171,7309089936.81672,0
2024-01-05 00:00:00.000,44143.8,44500.0,42300.0,44145.4,374967.791,2024-01-05 23:59:59.999,16383172715.24129,4299469,186384.897,8145555060.07347,0
2024-01-06 00:00:00.000,44145.3,44214.6,43391.3,43956.7,138542.797,2024-01-06 23:59:59.999,6067670136.35873,1908679,69273.603,3034149465.65284,0
2024-01-07 00:00:00.000,43956.6,44486.9,43557.5,43916.9,180710.714,2024-01-07 23:59:59.999,7960341657.87697,2426450,89031.035,3922357252.97610,0
2024-01-08 00:00:00.000,43916.9,47312.0,43158.1,46972.7,495087.983,2024-01-08 23:59:59.999,22401426143.93918,5552927,252368.827,11423109451.98725,0
2024-01-09 00:00:00.000,46972.6,48100.0,44417.2,46114.0,513362.773,2024-01-09 23:59:59.999,23864636393.45204,5975796,255356.407,11878102002.28864,0
2024-01-10 00:00:00.000,46113.9,47699.3,44291.5,46662.9,668657.474,2024-01-10 23:59:59.999,30628280360.85305,7930762,328241.395,15042252558.57851,0
2024-01-11 00:00:00.000,46663.0,49027.5,45600.0,46337.8,596698.379,2024-01-11 23:59:59.999,28052864785.47425,8147634,294954.120,13871354323.06593,0
2024-01-12 00:00:00.000,46337.9,46536.2,41370.0,42788.9,575943.258,2024-01-12 23:59:59.999,25506347481.11302,7339600,274714.473,12173449742.69040,0
2024-01-13 00:00:00.000,42789.0,43273.4,42445.7,42846.4,207737.326,2024-01-13 23:59:59.999,8903288166.33136,3284308,102338.255,4385856810.87438,0
2024-01-14 00:00:00.000,42846.4,43096.1,41713.5,41734.9,181096.968,2024-01-14 23:59:59.999,7710193172.30398,2586518,86225.908,3672184666.98371,0
2024-01-15 00:00:00.000,41734.9,43376.0,41720.0,42515.0,240059.141,2024-01-15 23:59:59.999,10237828482.80086,3393913,121327.115,5174655656.94734,0
2024-01-16 00:00:00.000,42515.0,43589.0,42050.0,43133.0,287207.233,2024-01-16 23:59:59.999,12326619430.23480,3591913,142496.835,6116162864.94249,0
2024-01-17 00:00:00.000,43133.0,43198.0,42200.0,42783.4,209396.081,2024-01-17 23:59:59.999,8935030009.19649,2896397,104380.600,4454370627.69897,0
2024-01-18 00:00:00.000,42783.3,42932.3,40673.6,41323.1,335080.756,2024-01-18 23:59:59.999,14029461752.96119,4381862,159993.343,6698735621.04958,0
2024-01-19 00:00:00.000,41323.2,42197.0,40300.0,41662.2,345941.73,2024-01-19 23:59:59.999,14252164353.07918,4485546,173561.662,7152194461.29936,0
2024-01-20 00:00:00.000,41662.1,41883.5,41453.6,41691.8,95866.062,2024-01-20 23:59:59.999,3989874076.29828,1350118,47395.270,1972576689.99542,0
2024-01-21 00:00:00.000,41691.8,41880.9,41500.0,41580.0,67035.552,2024-01-21 23:59:59.999,2795034232.08641,1011538,33267.189,1387114417.88662,0
2024-01-22 00:00:00.000,41579.9,41692.3,39402.0,39567.0,459024.106,2024-01-22 23:59:59.999,18601094756.09346,5215198,221559.288,8980786542.59356,0
2024-01-23 00:00:00.000,39567.1,40172.7,38545.0,39890.0,414373.386,2024-01-23 23:59:59.999,16262676717.26893,4996338,206872.825,8120360043.90706,0
2024-01-24 00:00:00.000,39889.9,40560.6,39493.3,40078.7,272754.171,2024-01-24 23:59:59.999,10898797410.02247,3577649,137526.518,5496207538.88882,0
2024-01-25 00:00:00.000,40078.8,40300.0,39535.3,39953.3,203728.679,2024-01-25 23:59:59.999,8134002285.16447,2660878,101721.426,4061761814.52410,0
2024-01-26 00:00:00.000,39953.3,42239.3,39813.1,41806.4,355418.478,2024-01-26 23:59:59.999,14627005545.10650,4170436,183407.862,7545764057.51518,0
2024-01-27 00:00:00.000,41806.4,42187.1,41360.1,42102.2,118437.114,2024-01-27 23:59:59.999,4949330917.72336,1602331,58359.399,2439172746.10856,0
2024-01-28 00:00:00.000,42102.2,42836.0,41600.0,42021.2,205736.453,2024-01-28 23:59:59.999,8694654832.16972,2623969,102732.529,4342295182.27932,0
2024-01-29 00:00:00.000,42021.2,43340.8,41768.3,43287.7,249502.11,2024-01-29 23:59:59.999,10615111402.26071,3264398,126814.070,5396362634.93750,0
2024-01-30 00:00:00.000,43287.6,43888.0,42665.6,42918.3,257582.784,2024-01-30 23:59:59.999,11174336066.69975,3279938,127240.221,5521555765.99806,0
2024-01-31 00:00:00.000,42918.3,43748.6,42257.6,42560.5,313069.11,2024-01-31 23:59:59.999,13443352429.15163,3894405,156366.219,6715650062.85712,0
2024-02-01 00:00:00.000,42560.5,43288.0,41866.8,43072.6,274321.107,2024-02-01 23:59:59.999,11658501786.30592,3366630,137388.932,5840117814.44018,0
2024-02-02 00:00:00.000,43072.6,43480.0,42512.7,43182.0,205767.574,2024-02-02 23:59:59.999,8854896870.13836,2609694,102857.802,4427096388.70144,0
2024-02-03 00:00:00.000,43182.0,43372.2,42858.3,42992.4,89735.22,2024-02-03 23:59:59.999,3867372627.98708,1184516,43576.701,1878320062.99414,0
2024-02-04 00:00:00.000,42992.4,43112.1,42176.7,42570.3,127421.548,2024-02-04 23:59:59.999,5453304864.80739,1639173,61808.732,2645869182.56388,0
2024-02-05 00:00:00.000,42570.3,43580.0,42235.1,42692.9,240655.549,2024-02-05 23:59:59.999,10308099591.89269,3020351,120655.290,5168353034.63723,0
2024-02-06 00:00:00.000,42692.9,43378.8,42559.8,43079.1,196157.643,2024-02-06 23:59:59.999,8429315912.62482,2349996,97614.641,4195174982.26100,0
2024-02-07 00:00:00.000,43079.1,44388.0,42763.4,44326.2,252057.708,2024-02-07 23:59:59.999,10954644814.28782,2929944,130579.297,5675987977.28190,0
2024-02-08 00:00:00.000,44326.3,45600.0,44306.8,45269.1,299738.288,2024-02-08 23:59:59.999,13472865468.76801,3448195,150413.123,6761188131.92740,0
2024-02-09 00:00:00.000,45269.2,48230.3,45218.1,47116.1,519919.419,2024-02-09 23:59:59.999,24408544252.73436,5650447,266454.921,12508255349.16633,0
2024-02-10 00:00:00.000,47116.1,48189.6,46836.4,47732.6,179626.604,2024-02-10 23:59:59.999,8517076446.27700,2285021,91198.273,4324631270.60389,0
2024-02-11 00:00:00.000,47732.6,48600.0,47539.4,48303.4,209951.626,2024-02-11 23:59:59.999,10111698916.38982,2680053,105168.316,5065428436.66205,0
2024-02-12 00:00:00.000,48303.4,50413.2,47702.0,49943.6,450895.202,2024-02-12 23:59:59.999,22160439674.17040,5410318,229461.763,11279389489.43873,0
2024-02-13 00:00:00.000,49943.6,50428.8,48301.0,49696.4,382348.085,2024-02-13 23:59:59.999,18877386934.64820,4735916,187369.079,9252322651.26047,0
2024-02-14 00:00:00.000,49696.4,52100.0,49215.7,51823.2,395191.791,2024-02-14 23:59:59.999,20230765100.11763,4979944,202339.246,10357567701.86297,0
2024-02-15 00:00:00.000,51823.1,52859.0,51334.9,51898.5,392724.603,2024-02-15 23:59:59.999,20470765163.49206,5071385,194206.651,10124718243.08555,0
2024-02-16 00:00:00.000,51898.4,52623.0,51611.7,52148.6,259819.793,2024-02-16 23:59:59.999,13526420001.52013,3599586,129912.166,6763851036.28675,0
2024-02-17 00:00:00.000,52148.7,52192.8,50647.5,51679.4,222342.005,2024-02-17 23:59:59.999,11434408252.82568,2933206,110404.236,5678326211.43959,0
2024-02-18 00:00:00.000,51679.5,52450.0,51178.0,52175.9,166636.426,2024-02-18 23:59:59.999,8636668534.04451,2535098,82558.355,4279808820.87837,0
2024-02-19 00:00:00.000,52175.9,52532.9,51688.8,51813.8,196387.978,2024-02-19 23:59:59.999,10243057368.09604,2984130,97120.200,5065816013.56385,0
2024-02-20 00:00:00.000,51813.7,53090.9,50788.0,52297.4,388913.064,2024-02-20 23:59:59.999,20209071433.34851,4725341,191609.587,9958190682.55356,0
2024-02-21 00:00:00.000,52297.3,52402.3,50528.4,51877.8,308127.301,2024-02-21 23:59:59.999,15814919137.63912,3939518,151274.425,7765226442.49357,0
2024-02-22 00:00:00.000,51877.9,52130.8,50967.5,51316.9,244144.647,2024-02-22 23:59:59.999,12596855772.34223,3185280,120428.135,6213980738.34822,0
2024-02-23 00:00:00.000,51316.9,51576.3,50512.7,50771.9,215474.562,2024-02-23 23:59:59.999,11000943935.52790,2838186,103486.305,5284377929.58768,0
2024-02-24 00:00:00.000,50771.9,51736.6,50611.4,51602.1,104944.457,2024-02-24 23:59:59.999,5375932540.32768,1581717,53616.220,2746901077.96253,0
2024-02-25 00:00:00.000,51602.1,52050.0,51300.4,51764.9,122177.26,2024-02-25 23:59:59.999,6314690489.48664,1737312,61208.274,3163965668.71564,0
2024-02-26 00:00:00.000,51764.9,54991.8,50922.5,54511.6,393466.231,2024-02-26 23:59:59.999,20859521852.00051,4559698,204557.843,10848941110.67955,0
2024-02-27 00:00:00.000,54511.7,57780.0,54495.0,57074.5,511475.535,2024-02-27 23:59:59.999,28943003745.31963,6037486,261279.379,14782114126.33708,0
2024-02-28 00:00:00.000,57074.5,64300.0,56730.1,62487.9,1010118.442,2024-02-28 23:59:59.999,61121395260.18302,10470544,512372.977,31009740327.25936,0
2024-02-29 00:00:00.000,62487.9,63762.8,60452.0,61203.3,584713.883,2024-02-29 23:59:59.999,36342923573.76713,7991451,288332.344,17923415792.93351,0
2024-03-01 00:00:00.000,61203.3,63199.0,60844.8,62430.6,299231.827,2024-03-01 23:59:59.999,18555341528.19973,4242562,149192.047,9251925530.42108,0
2024-03-02 00:00:00.000,62430.6,62513.1,61605.0,62039.9,159283.629,2024-03-02 23:59:59.999,9880073062.42179,2445321,78157.054,4848585077.14658,0
2024-03-03 00:00:00.000,62039.9,63330.9,61339.5,63178.5,200312.503,2024-03-03 23:59:59.999,12480586261.48198,2976490,100689.426,6275449929.04907,0
2024-03-04 00:00:00.000,63178.5,68600.0,62299.0,68296.4,632882.144,2024-03-04 23:59:59.999,41606992664.57328,8622486,315954.494,20769345645.10813,0
2024-03-05 00:00:00.000,68296.5,69350.0,59112.0,63747.4,1053025.132,2024-03-05 23:59:59.999,68785497181.28033,11587828,506125.171,33083366233.69872,0
2024-03-06 00:00:00.000,63747.5,67729.5,62829.3,66128.1,534011.813,2024-03-06 23:59:59.999,35282709655.61008,6780080,264966.526,17505717164.11994,0
2024-03-07 00:00:00.000,66128.0,68101.3,65609.3,66870.0,296092.788,2024-03-07 23:59:59.999,19831473590.15860,4405527,147654.750,9889788645.76925,0
2024-03-08 00:00:00.000,66870.0,70330.8,66120.0,68180.2,459387.207,2024-03-08 23:59:59.999,31244040068.19154,5980692,231568.743,15755981790.23659,0
2024-03-09 00:00:00.000,68180.2,68608.7,67908.7,68360.1,94899.005,2024-03-09 23:59:59.999,6480692325.81410,1537614,45581.279,3113000772.60940,0
2024-03-10 00:00:00.000,68360.2,69999.8,68155.0,69001.8,233596.523,2024-03-10 23:59:59.999,16185393841.67323,3375720,116161.406,8049563344.88834,0
2024-03-11 00:00:00.000,69001.8,72890.0,67000.0,72153.8,474396.897,2024-03-11 23:59:59.999,33718116318.48710,6424784,238156.809,16928784715.47152,0
2024-03-12 00:00:00.000,72153.9,73370.0,68600.0,71503.2,472072.331,2024-03-12 23:59:59.999,33679961862.90980,6616949,231739.524,16538750903.78605,0
2024-03-13 00:00:00.000,71503.3,73755.0,71388.1,73127.6,288446.338,2024-03-13 23:59:59.999,20996680531.98601,4413774,144767.213,10538493126.41221,0
2024-03-14 00:00:00.000,73127.6,73881.4,68600.0,71455.5,513901.237,2024-03-14 23:59:59.999,36716558419.97936,7086199,252641.121,18055167204.84591,0
2024-03-15 00:00:00.000,71455.6,72500.0,65580.0,69552.2,705810.685,2024-03-15 23:59:59.999,48272589072.43203,9432499,343300.728,23485737211.50229,0
2024-03-16 00:00:00.000,69552.1,70097.6,64750.0,65351.0,333426.129,2024-03-16 23:59:59.999,22541723738.08737,4728369,158811.135,10743916091.24294,0
2024-03-17 00:00:00.000,65351.0,68972.4,64559.8,68447.9,314890.309,2024-03-17 23:59:59.999,21028336103.89335,4441202,157746.931,10538915981.19096,0
2024-03-18 00:00:00.000,68447.9,69044.4,66601.6,67660.0,317885.916,2024-03-18 23:59:59.999,21525969323.10516,4929189,157518.056,10667482983.78231,0
2024-03-19 00:00:00.000,67660.0,68178.6,61582.8,61974.1,700466.795,2024-03-19 23:59:59.999,45022413705.43772,8883840,341387.210,21944607883.64712,0
2024-03-20 00:00:00.000,61974.1,68140.0,60800.0,67876.4,637362.465,2024-03-20 23:59:59.999,40691118766.89385,8081289,322745.423,20619446188.00391,0
2024-03-21 00:00:00.000,67876.4,68293.9,64550.1,65539.9,347218.385,2024-03-21 23:59:59.999,23114287433.97302,5314298,170701.466,11368438508.35749,0
2024-03-22 00:00:00.000,65539.9,66691.9,62294.0,63826.0,401149.333,2024-03-22 23:59:59.999,25742798562.87778,5610913,193242.858,12404628469.30646,0
2024-03-23 00:00:00.000,63826.1,66050.0,63020.2,64020.3,239124.0,2024-03-23 23:59:59.999,15454464441.79797,3255774,118901.006,7686603208.46166,0
2024-03-24 00:00:00.000,64020.4,67700.0,63822.0,67260.9,244179.435,2024-03-24 23:59:59.999,15988550837.61994,3674436,127453.119,8347706445.71518,0
2024-03-25 00:00:00.000,67260.9,71228.3,66427.6,69920.5,395156.191,2024-03-25 23:59:59.999,27232095366.19894,5616354,200494.861,13818628576.04482,0
2024-03-26 00:00:00.000,69920.6,71649.0,69320.0,70044.1,307861.116,2024-03-26 23:59:59.999,21669886112.75456,4470979,153843.837,10831152594.30161,0
2024-03-27 00:00:00.000,70044.2,71888.0,68364.8,69532.6,407286.574,2024-03-27 23:59:59.999,28455795608.20996,5468464,201365.779,14073286297.89143,0
2024-03-28 00:00:00.000,69532.6,71636.2,68941.0,70838.7,241970.822,2024-03-28 23:59:59.999,17082567361.70556,3688033,121611.482,8586703564.10696,0
2024-03-29 00:00:00.000,70838.8,70976.9,69000.0,69903.6,187970.841,2024-03-29 23:59:59.999,13153542392.49107,2898786,90312.609,6320726778.39616,0
2024-03-30 00:00:00.000,69903.6,70388.0,69577.2,69642.1,91126.75,2024-03-30 23:59:59.999,6381178971.24793,1469267,44861.628,3141852313.38343,0
2024-03-31 00:00:00.000,69642.0,71495.5,69608.0,71363.0,132458.79,2024-03-31 23:59:59.999,9355678962.74715,1955289,68649.954,4849468552.37815,0
2024-04-01 00:00:00.000,71363.0,71388.0,68103.3,69700.0,282812.126,2024-04-01 23:59:59.999,19638685563.10507,3855192,137263.312,9530831255.99772,0
2024-04-02 00:00:00.000,69700.0,69731.6,64603.2,65505.3,499041.572,2024-04-02 23:59:59.999,33033080048.77764,6306952,237161.633,15695025558.87847,0
2024-04-03 00:00:00.000,65502.4,66940.0,64500.0,65971.9,275041.23,2024-04-03 23:59:59.999,18154927438.74836,3716045,136386.786,9004150179.32951,0
2024-04-04 00:00:00.000,65971.8,69329.7,65100.0,68489.9,326385.338,2024-04-04 23:59:59.999,21993168904.27893,4218217,165264.515,11139494023.46972,0
2024-04-05 00:00:00.000,68489.8,68787.1,65966.0,67825.7,313547.293,2024-04-05 23:59:59.999,21110165189.20931,4246122,155082.742,10443116339.15663,0
2024-04-06 00:00:00.000,67825.8,69708.0,67450.0,68901.6,127343.726,2024-04-06 23:59:59.999,8691055181.73954,2044067,64920.835,4432291812.89030,0
2024-04-07 00:00:00.000,68901.5,70395.0,68820.6,69362.7,171783.436,2024-04-07 23:59:59.999,11941226271.93175,3094007,87513.442,6085046788.87065,0
2024-04-08 00:00:00.000,69362.7,72890.4,69040.4,71678.4,297237.449,2024-04-08 23:59:59.999,21244762968.03559,5294493,152755.361,10917069772.29398,0
2024-04-09 00:00:00.000,71678.3,71820.6,68216.0,69189.3,334059.403,2024-04-09 23:59:59.999,23375265337.43875,5431596,160558.807,11237036576.48242,0
2024-04-10 00:00:00.000,69189.2,71412.2,67546.2,70681.7,337774.756,2024-04-10 23:59:59.999,23325641513.82547,5376395,167241.536,11554062305.40367,0
2024-04-11 00:00:00.000,70681.8,71387.4,69592.6,70055.7,256194.153,2024-04-11 23:59:59.999,18046895525.55698,4391518,127153.925,8958246885.04106,0
2024-04-12 00:00:00.000,70055.6,71297.0,65102.0,67136.4,415528.149,2024-04-12 23:59:59.999,28466614548.62947,5589326,199599.598,13685584443.99834,0
2024-04-13 00:00:00.000,67136.4,67975.4,59652.5,63939.7,515005.203,2024-04-13 23:59:59.999,33367903479.68061,6679641,245812.903,15937487127.49542,0
2024-04-14 00:00:00.000,63939.7,65822.1,62139.3,65615.9,395770.133,2024-04-14 23:59:59.999,25338078893.58177,5695785,196030.060,12553905287.50409,0
2024-04-15 00:00:00.000,65615.9,66874.9,62242.5,63392.7,381532.225,2024-04-15 23:59:59.999,24677843958.38368,5541668,186902.326,12093422630.04127,0
2024-04-16 00:00:00.000,63392.8,64356.3,61521.0,63765.0,405931.439,2024-04-16 23:59:59.999,25471361626.36620,5816515,202402.987,12702757951.55800,0
2024-04-17 00:00:00.000,63764.9,64483.3,59625.0,61254.5,444032.992,2024-04-17 23:59:59.999,27402345105.77818,6013417,217665.156,13434667791.21996,0
2024-04-18 00:00:00.000,61254.5,64100.0,60763.8,63445.0,363302.394,2024-04-18 23:59:59.999,22708533755.01486,5247504,182854.996,11431133049.65166,0
2024-04-19 00:00:00.000,63445.0,65480.0,59541.0,63787.4,574264.058,2024-04-19 23:59:59.999,36332133260.93782,7729583,287739.633,18209274035.11942,0
2024-04-20 00:00:00.000,63787.4,65400.0,63045.1,64897.2,197142.262,2024-04-20 23:59:59.999,12657413510.99301,3203773,99413.059,6383438008.33587,0
2024-04-21 00:00:00.000,64897.2,65678.7,64214.2,64912.6,160533.948,2024-04-21 23:59:59.999,10421155519.37300,2772884,80394.915,5219698272.50876,0
2024-04-22 00:00:00.000,64912.7,67222.0,64470.5,66778.0,246268.411,2024-04-22 23:59:59.999,16249055489.46204,3973101,125262.792,8266508163.95470,0
2024-04-23 00:00:00.000,66777.9,67158.9,65750.0,66386.3,178665.564,2024-04-23 23:59:59.999,11872124257.87610,2963037,87654.874,5824990179.25970,0
2024-04-24 00:00:00.000,66386.2,67068.2,63575.0,64250.0,280545.061,2024-04-24 23:59:59.999,18306883252.62620,4159461,135426.134,8837738834.72650,0
2024-04-25 00:00:00.000,64250.0,65270.6,62721.3,64478.8,275211.062,2024-04-25 23:59:59.999,17615966077.84840,4225388,135809.911,8695083535.74010,0
2024-04-26 00:00:00.000,64478.8,64783.1,63291.5,63748.8,202149.813,2024-04-26 23:59:59.999,12953589145.91850,3162787,101321.070,6493095200.12160,0
2024-04-27 00:00:00.000,63748.7,63901.4,62332.8,63421.0,167349.109,2024-04-27 23:59:59.999,10551185173.95390,2753952,81226.942,5121532300.51870,0
2024-04-28 00:00:00.000,63420.9,64350.0,62700.0,63088.3,126056.151,2024-04-28 23:59:59.999,8016661482.17870,2107056,61663.900,3922114045.40610,0
2024-04-29 00:00:00.000,63088.4,64200.0,61726.2,63842.4,228411.163,2024-04-29 23:59:59.999,14315434994.61380,3576356,113518.040,7117036656.13180,0
2024-04-30 00:00:00.000,63842.4,64700.0,59150.0,60651.2,408747.703,2024-04-30 23:59:59.999,25092892151.66800,5955376,198449.988,12187483940.32830,0
2024-05-01 00:00:00.000,60651.2,60816.7,56537.7,58307.6,564108.4,2024-05-01 23:59:59.999,32693924650.62684,7278617,274396.590,15901900816.17903,0
2024-05-02 00:00:00.000,58307.7,59637.3,56951.6,59036.7,299229.302,2024-05-02 23:59:59.999,17487969119.06051,4078191,149750.249,8753193227.41508,0
2024-05-03 00:00:00.000,59036.7,63333.0,58781.3,62853.7,353606.459,2024-05-03 23:59:59.999,21564253109.51370,4843487,181671.801,11083916767.88180,0
2024-05-04 00:00:00.000,62853.7,64547.9,62520.0,63864.2,205205.199,2024-05-04 23:59:59.999,13034701951.88150,3014542,104727.239,6653855320.83000,0
2024-05-05 00:00:00.000,63864.3,64644.3,62833.0,63988.0,185495.653,2024-05-05 23:59:59.999,11834485753.50080,2839676,94388.436,6023293955.83560,0
2024-05-06 00:00:00.000,63987.9,65500.0,62655.3,63142.8,305110.067,2024-05-06 23:59:59.999,19505860305.10040,4263955,151440.965,9685863252.80110,0
2024-05-07 00:00:00.000,63142.7,64392.2,62203.6,62296.0,238974.646,2024-05-07 23:59:59.999,15159034876.27730,3591426,116629.628,7400547185.92140,0
2024-05-08 00:00:00.000,62296.0,62994.9,60843.6,61157.9,241651.579,2024-05-08 23:59:59.999,15009452763.95640,3494846,118665.049,7372499604.17330,0
2024-05-09 00:00:00.000,61157.9,63447.2,60550.0,63050.1,242451.302,2024-05-09 23:59:59.999,14981786317.72920,3421818,123009.137,7603498702.90480,0
2024-05-10 00:00:00.000,63050.0,63446.5,60117.4,60778.1,307214.96,2024-05-10 23:59:59.999,18938234544.39960,4062914,146348.191,9023426835.25340,0
2024-05-11 00:00:00.000,60778.0,61491.4,60432.6,60809.2,113294.787,2024-05-11 23:59:59.999,6901847057.27590,1791738,56345.489,3432729046.50170,0
2024-05-12 00:00:00.000,60809.2,61849.4,60557.3,61455.8,104043.897,2024-05-12 23:59:59.999,6368574511.44350,1640142,52092.612,3188620815.53530,0
2024-05-13 00:00:00.000,61455.7,63440.0,60750.0,62912.1,261927.073,2024-05-13 23:59:59.999,16330380829.28820,3639895,133130.471,8301000438.05990,0
2024-05-14 00:00:00.000,62912.2,63099.6,60950.0,61550.5,244345.274,2024-05-14 23:59:59.999,15109206760.30440,3486503,119397.236,7383348350.95100,0
2024-05-15 00:00:00.000,61550.5,66440.0,61316.1,66175.4,365031.68,2024-05-15 23:59:59.999,23386517394.03220,5236031,190499.939,12212061046.03310,0
2024-05-16 00:00:00.000,66175.4,66800.0,64567.0,65217.7,242455.324,2024-05-16 23:59:59.999,15938380818.01050,3726304,118301.874,7779249343.00980,0
2024-05-17 00:00:00.000,65217.7,67400.6,65061.2,66980.0,227063.919,2024-05-17 23:59:59.999,15063429110.74200,3410178,115163.560,7641361482.68450,0
2024-05-18 00:00:00.000,66980.0,67340.5,66503.2,66884.9,96931.548,2024-05-18 23:59:59.999,6486954858.05650,1720137,47301.883,3166040479.81790,0
2024-05-19 00:00:00.000,66884.9,67750.0,65835.8,66239.4,148170.35,2024-05-19 23:59:59.999,9905372922.96440,2317479,72802.783,4868303456.17780,0
2024-05-20 00:00:00.000,66239.4,71674.6,66010.0,71466.5,366028.078,2024-05-20 23:59:59.999,25053653945.13510,4894781,191363.961,13104053064.97610,0
2024-05-21 00:00:00.000,71466.5,72132.8,69165.6,70168.8,263674.327,2024-05-21 23:59:59.999,18645631790.23500,3771442,128039.197,9055845428.03280,0
2024-05-22 00:00:00.000,70168.7,70715.4,68736.8,69219.1,194160.494,2024-05-22 23:59:59.999,13560983941.35470,2891356,96781.219,6760740175.00360,0
2024-05-23 00:00:00.000,69219.2,70133.3,66156.6,67999.9,300093.622,2024-05-23 23:59:59.999,20496503158.06270,3796057,147663.348,10085589035.46010,0
2024-05-24 00:00:00.000,67999.9,69273.5,66639.0,68584.1,186681.082,2024-05-24 23:59:59.999,12680535679.16180,2544055,92018.938,6250790249.52980,0
2024-05-25 00:00:00.000,68584.0,69622.8,68523.7,69314.4,85113.605,2024-05-25 23:59:59.999,5877646397.30440,1266856,43907.678,3032009642.05110,0
2024-05-26 00:00:00.000,69314.5,69590.3,68155.0,68524.3,84069.824,2024-05-26 23:59:59.999,5799029948.65810,1314260,40228.585,2775331360.78680,0
2024-05-27 00:00:00.000,68524.4,70750.0,68268.7,69461.6,170291.356,2024-05-27 23:59:59.999,11819516715.69540,2389408,86676.392,6016544788.40320,0
2024-05-28 00:00:00.000,69461.5,69628.0,67273.0,68440.5,227838.44,2024-05-28 23:59:59.999,15550387849.88700,3195316,109660.980,7483877022.92560,0
2024-05-29 00:00:00.000,68440.4,68983.0,67129.0,67686.7,158236.599,2024-05-29 23:59:59.999,10750681624.40710,2408051,77869.590,5291031019.18340,0
2024-05-30 00:00:00.000,67686.8,69568.9,67167.0,68402.5,194573.899,2024-05-30 23:59:59.999,13292940496.79560,2697789,98357.395,6720469711.04050,0
2024-05-31 00:00:00.000,68402.6,69080.0,66700.5,67577.9,195751.752,2024-05-31 23:59:59.999,13295783600.09050,2633330,95439.941,6483400468.14910,0
2024-06-01 00:00:00.000,67577.9,67936.0,67480.0,67799.2,50943.058,2024-06-01 23:59:59.999,3450680244.52590,851468,24992.383,1693048800.10870,0
2024-06-02 00:00:00.000,67799.2,68545.9,67296.3,67805.9,102194.718,2024-06-02 23:59:59.999,6940423185.85990,1495288,51581.936,3503692386.42020,0
2024-06-03 00:00:00.000,67805.9,70372.9,67642.6,68851.4,227676.93,2024-06-03 23:59:59.999,15744535070.29340,2934117,116794.704,8076829033.91210,0
2024-06-04 00:00:00.000,68851.3,71146.4,68595.5,70580.0,216100.016,2024-06-04 23:59:59.999,15102623849.38920,2752219,109761.715,7672646376.47090,0
2024-06-05 00:00:00.000,70580.0,71824.4,70423.6,71133.3,203992.034,2024-06-05 23:59:59.999,14506723806.57470,2649339,101350.188,7207846190.69550,0
2024-06-06 00:00:00.000,71133.3,71714.8,70101.9,70830.0,158483.564,2024-06-06 23:59:59.999,11260906834.14240,2042004,77057.290,5476300994.77820,0
2024-06-07 00:00:00.000,70830.0,72144.0,68405.0,69377.0,299412.37,2024-06-07 23:59:59.999,21108000027.73010,3512756,146009.568,10298557615.92700,0
2024-06-08 00:00:00.000,69377.0,69613.6,69192.3,69346.5,65739.857,2024-06-08 23:59:59.999,4564091530.08890,971096,31722.670,2202396921.01260,0
2024-06-09 00:00:00.000,69346.6,69879.0,69160.0,69667.1,68024.1,2024-06-09 23:59:59.999,4729738225.27340,950681,34212.091,2378929862.90130,0
2024-06-10 00:00:00.000,69667.1,70222.7,69201.2,69558.7,127381.604,2024-06-10 23:59:59.999,8872795631.33450,1604534,63460.847,4420587390.46360,0
2024-06-11 00:00:00.000,69558.8,69600.0,66000.0,67320.7,311984.942,2024-06-11 23:59:59.999,21038478955.28170,3601045,147314.548,9934465474.52760,0
2024-06-12 00:00:00.000,67320.6,70028.0,66920.0,68270.3,329918.46,2024-06-12 23:59:59.999,22649278512.31000,3542192,165298.555,11349060724.63100,0
2024-06-13 00:00:00.000,68270.3,68607.7,66251.1,66786.9,248355.461,2024-06-13 23:59:59.999,16734408853.54570,2930055,122545.812,8257428353.79520,0
2024-06-14 00:00:00.000,66786.8,67366.5,65052.4,66039.7,239411.231,2024-06-14 23:59:59.999,15866317033.62730,2742009,115459.583,7653161850.60020,0
2024-06-15 00:00:00.000,66039.7,66482.6,65801.0,66213.7,72423.755,2024-06-15 23:59:59.999,4794362622.71790,933278,35963.018,2380857318.64820,0
2024-06-16 00:00:00.000,66213.7,66960.3,66012.1,66653.6,80361.551,2024-06-16 23:59:59.999,5344491611.46030,971702,40709.086,2707578966.72730,0
2024-06-17 00:00:00.000,66653.5,67280.6,65094.9,66472.1,248420.787,2024-06-17 23:59:59.999,16425433493.30370,2862439,123564.357,8170749468.73040,0
2024-06-18 00:00:00.000,66472.1,66558.9,64009.8,65150.0,335559.394,2024-06-18 23:59:59.999,21816313661.79880,3702473,162733.278,10580583192.48120,0
2024-06-19 00:00:00.000,65149.9,65711.9,64600.0,64933.6,150032.669,2024-06-19 23:59:59.999,9773747644.96730,1865383,73128.413,4764125976.32390,0
2024-06-20 00:00:00.000,64933.6,66467.0,64526.0,64854.0,220954.676,2024-06-20 23:59:59.999,14443082252.52600,2535825,110113.402,7198302807.56470,0
2024-06-21 00:00:00.000,64854.0,65055.5,63361.2,64124.0,210109.601,2024-06-21 23:59:59.999,13452781556.58920,2587691,100879.403,6459640682.81170,0
2024-06-22 00:00:00.000,64124.1,64520.0,63915.8,64240.0,53855.862,2024-06-22 23:59:59.999,3462300794.00670,711228,26068.831,1676053640.22160,0
2024-06-23 00:00:00.000,64240.1,64500.0,63137.9,63194.9,72052.293,2024-06-23 23:59:59.999,4609994525.56940,952389,34220.414,2190076315.36540,0
2024-06-24 00:00:00.000,63194.9,63357.0,58218.0,60273.6,445903.184,2024-06-24 23:59:59.999,27225661676.17080,4744004,210050.156,12831739591.03600,0
2024-06-25 00:00:00.000,60273.5,62448.1,60230.5,61777.8,264647.317,2024-06-25 23:59:59.999,16245823572.75500,2761391,131574.228,8078166857.81130,0
2024-06-26 00:00:00.000,61777.9,62465.1,60696.0,60860.1,170601.18,2024-06-26 23:59:59.999,10474223643.73330,2072190,85546.810,5252656828.93010,0
2024-06-27 00:00:00.000,60860.1,62379.7,60605.0,61682.0,160172.482,2024-06-27 23:59:59.999,9845346127.87420,1943987,80692.923,4959353424.98080,0
2024-06-28 00:00:00.000,61682.1,62204.0,60038.0,60429.8,195508.125,2024-06-28 23:59:59.999,11963155606.57770,2261011,96784.819,5922589261.40240,0
2024-06-29 00:00:00.000,60429.8,61232.0,60400.1,60982.4,79680.289,2024-06-29 23:59:59.999,4854467389.02330,1008124,39587.752,2411805902.60920,0
2024-06-30 00:00:00.000,60982.5,63058.4,60705.0,62766.0,147777.915,2024-06-30 23:59:59.999,9131797044.07350,1720176,76847.014,4748815160.54930,0
2024-07-01 00:00:00.000,62766.1,63849.0,62502.2,62883.6,193937.938,2024-07-01 23:59:59.999,12249759638.55010,2206156,98856.630,6244453473.66980,0
2024-07-02 00:00:00.000,62883.7,63284.0,61800.0,62123.6,163101.243,2024-07-02 23:59:59.999,10187608652.30550,1764087,81181.232,5071446586.91620,0
2024-07-03 00:00:00.000,62123.5,62278.2,59299.3,60208.0,295303.265,2024-07-03 23:59:59.999,17865344372.01360,2907975,141296.721,8547986226.42930,0
2024-07-04 00:00:00.000,60208.0,60500.0,56560.0,57045.9,445656.277,2024-07-04 23:59:59.999,25874210041.42714,4614925,212409.431,12331244212.69204,0
2024-07-05 00:00:00.000,57045.9,57533.4,53329.5,56604.9,577193.595,2024-07-05 23:59:59.999,32076653813.40088,6185480,281356.153,15637636536.36047,0
2024-07-06 00:00:00.000,56604.9,58472.0,56000.0,58216.0,178580.022,2024-07-06 23:59:59.999,10197761341.39678,2224590,93488.592,5341818153.85595,0
2024-07-07 00:00:00.000,58216.0,58443.0,55688.0,55830.9,210361.981,2024-07-07 23:59:59.999,12037823231.09660,2536176,101582.630,5814850041.48498,0
2024-07-08 00:00:00.000,55831.0,58200.0,54243.1,56686.4,464106.957,2024-07-08 23:59:59.999,26076935449.40952,5117256,234598.041,13184299460.76696,0
2024-07-09 00:00:00.000,56686.4,58290.6,56256.2,58023.2,257237.048,2024-07-09 23:59:59.999,14760474094.36112,3222670,130489.720,7489623352.56281,0
2024-07-10 00:00:00.000,58023.1,59449.6,57125.0,57707.0,254248.937,2024-07-10 23:59:59.999,14799666738.94340,3097510,126404.528,7359910233.26760,0
2024-07-11 00:00:00.000,57707.0,59780.0,57030.0,57315.5,293106.959,2024-07-11 23:59:59.999,17033276319.74740,3492811,145317.613,8448406468.75169,0
2024-07-12 00:00:00.000,57315.7,58500.0,56500.1,57870.0,238100.616,2024-07-12 23:59:59.999,13680239863.68945,2923358,118452.911,6807133430.50846,0
2024-07-13 00:00:00.000,57870.0,59850.0,57728.6,59174.0,157884.322,2024-07-13 23:59:59.999,9257369124.83100,1956364,82455.792,4835688632.66820,0
2024-07-14 00:00:00.000,59173.9,61412.4,59164.0,60766.0,208060.883,2024-07-14 23:59:59.999,12501022268.21220,2645790,107363.688,6452845513.08560,0
2024-07-15 00:00:00.000,60766.0,64870.7,60622.6,64680.6,352222.181,2024-07-15 23:59:59.999,22163838850.23140,4084789,184882.612,11637580341.91530,0
2024-07-16 00:00:00.000,64680.6,65388.0,62350.0,65010.0,375258.616,2024-07-16 23:59:59.999,24015350736.24960,4373415,187258.135,11985560682.21000,0
2024-07-17 00:00:00.000,65010.0,66100.0,63823.0,64055.7,276656.393,2024-07-17 23:59:59.999,17971882430.53800,3334173,137074.592,8906936429.56180,0
2024-07-18 00:00:00.000,64055.8,65173.8,63206.4,63959.9,215648.157,2024-07-18 23:59:59.999,13840486905.31860,2570156,106962.381,6865627708.22800,0
2024-07-19 00:00:00.000,63960.0,67362.8,63266.2,66627.9,311859.805,2024-07-19 23:59:59.999,20380653025.92150,3482778,159849.531,10449365090.73670,0
2024-07-20 00:00:00.000,66627.9,67648.7,66159.1,67095.6,123564.406,2024-07-20 23:59:59.999,8257377670.65340,1624502,62262.551,4161422016.78070,0
2024-07-21 00:00:00.000,67095.6,68351.2,65750.0,68138.0,207228.372,2024-07-21 23:59:59.999,13911463550.00150,2650858,105229.857,7066626519.77330,0
2024-07-22 00:00:00.000,68138.0,68459.7,66538.6,67499.2,192991.391,2024-07-22 23:59:59.999,13023877366.27140,2661310,94973.396,6409941420.02140,0
2024-07-23 00:00:00.000,67499.2,67729.3,65416.5,65916.4,270430.68,2024-07-23 23:59:59.999,17980471984.67930,3400476,133378.428,8866908197.68790,0
2024-07-24 00:00:00.000,65916.3,67087.3,65040.5,65350.8,215079.421,2024-07-24 23:59:59.999,14220076011.17290,2666558,106626.464,7051477551.41860,0
2024-07-25 00:00:00.000,65350.7,66144.0,63456.7,65773.0,319685.441,2024-07-25 23:59:59.999,20623007320.19340,3687826,156338.330,10090063910.13450,0
2024-07-26 00:00:00.000,65773.0,68200.0,65688.2,67882.5,235384.526,2024-07-26 23:59:59.999,15831346144.96490,2790292,118481.678,7969418209.24860,0
2024-07-27 00:00:00.000,67882.5,69381.7,66624.5,67873.8,330982.647,2024-07-27 23:59:59.999,22565690615.42860,3655226,167353.059,11413063208.58470,0
2024-07-28 00:00:00.000,67873.7,68300.0,67037.0,68215.5,116913.935,2024-07-28 23:59:59.999,7921123857.98300,1542508,57897.212,3922606833.00040,0
2024-07-29 00:00:00.000,68215.5,70081.0,66365.8,66750.0,372537.818,2024-07-29 23:59:59.999,25468669202.30540,4092661,183072.335,12524894290.31870,0
2024-07-30 00:00:00.000,66750.1,66966.6,65254.5,66159.3,246551.044,2024-07-30 23:59:59.999,16326143659.43290,2850476,119602.533,7921508169.91560,0
2024-07-31 00:00:00.000,66159.3,66826.3,64500.4,64601.8,246389.446,2024-07-31 23:59:59.999,16232585005.41600,2854932,120770.267,7958375610.41370,0
2024-08-01 00:00:00.000,64601.8,65650.0,62271.2,65328.9,372654.59,2024-08-01 23:59:59.999,23809052629.47340,4147748,179510.319,11470686441.34650,0
2024-08-02 00:00:00.000,65329.0,65577.0,61200.2,61483.7,421628.42,2024-08-02 23:59:59.999,26819683037.26120,5071376,203752.370,12967140245.62260,0
2024-08-03 00:00:00.000,61483.7,62166.0,59800.0,60684.6,290469.956,2024-08-03 23:59:59.999,17722256113.68170,3316200,141057.499,8607441768.12800,0
2024-08-04 00:00:00.000,60684.5,61089.5,57040.0,58144.5,339512.415,2024-08-04 23:59:59.999,20115489532.05642,3601227,163061.040,9666278728.28860,0
2024-08-05 00:00:00.000,58144.5,58286.9,48888.0,54003.1,1281982.025,2024-08-05 23:59:59.999,67990070656.18278,13868038,628048.857,33304783725.51353,0
2024-08-06 00:00:00.000,54003.5,56999.9,53925.3,55991.2,435953.439,2024-08-06 23:59:59.999,24315240364.00699,6034201,219208.730,12228576458.82332,0
2024-08-07 00:00:00.000,55991.3,57699.0,54519.8,55102.9,377442.54,2024-08-07 23:59:59.999,21227975938.72287,4841518,187917.695,10573698082.17641,0
2024-08-08 00:00:00.000,55102.9,62737.2,54672.4,61659.8,470117.508,2024-08-08 23:59:59.999,27555756968.19537,5735604,248506.613,14576729758.96249,0
2024-08-09 00:00:00.000,61659.8,61726.0,59500.0,60808.6,308674.339,2024-08-09 23:59:59.999,18694923855.71210,3963122,154008.457,9328303610.01220,0
2024-08-10 00:00:00.000,60808.6,61450.0,60208.5,60889.9,115593.354,2024-08-10 23:59:59.999,7020704932.13340,1747151,57323.843,3482287683.60850,0
2024-08-11 00:00:00.000,60889.8,62000.0,58255.4,58693.1,202539.076,2024-08-11 23:59:59.999,12164186045.49410,2943796,98529.969,5919328311.29390,0
2024-08-12 00:00:00.000,58693.1,60666.0,57615.0,59323.6,367126.29,2024-08-12 23:59:59.999,21694704705.39280,4993056,183254.227,10831614291.37390,0
2024-08-13 00:00:00.000,59323.7,61545.0,58360.0,60550.5,255934.721,2024-08-13 23:59:59.999,15331334134.77500,3666636,128789.781,7717751373.71390,0
2024-08-14 00:00:00.000,60550.4,61839.7,58367.2,58648.1,295662.808,2024-08-14 23:59:59.999,17731755290.89260,3825424,142977.365,8577450287.19000,0
2024-08-15 00:00:00.000,58648.1,59820.0,55969.0,57511.0,360815.946,2024-08-15 23:59:59.999,20998288458.33781,4554481,175409.953,10209951620.29743,0
2024-08-16 00:00:00.000,57511.1,59780.2,57062.1,58854.9,268756.529,2024-08-16 23:59:59.999,15694579210.80159,3532377,135355.507,7905098666.62320,0
2024-08-17 00:00:00.000,58854.9,59690.2,58769.4,59468.5,77085.532,2024-08-17 23:59:59.999,4568442725.36160,1178380,39276.995,2327958341.65820,0
2024-08-18 00:00:00.000,59468.5,60250.0,58352.0,58390.0,149660.264,2024-08-18 23:59:59.999,8919704463.33930,1988701,74267.606,4427513702.07600,0
2024-08-19 00:00:00.000,58390.1,59585.4,57750.0,59398.5,214043.139,2024-08-19 23:59:59.999,12535025781.46830,2885338,106731.684,6252212774.44820,0
2024-08-20 00:00:00.000,59398.4,61386.0,58501.1,58982.9,287049.13,2024-08-20 23:59:59.999,17203146261.21170,3787132,144312.524,8651274841.98090,0
2024-08-21 00:00:00.000,58982.7,61793.9,58728.9,61120.0,270583.679,2024-08-21 23:59:59.999,16243166180.36950,3668348,135514.303,8137724222.98750,0
2024-08-22 00:00:00.000,61120.0,61392.0,59677.6,60349.9,211098.959,2024-08-22 23:59:59.999,12796969148.47520,2896455,103810.037,6293056465.80950,0
2024-08-23 00:00:00.000,60349.9,65000.0,60301.5,64019.9,382490.709,2024-08-23 23:59:59.999,23801149141.43630,4642357,197465.519,12292542880.90400,0
2024-08-24 00:00:00.000,64020.0,64472.5,63522.7,64116.5,132741.902,2024-08-24 23:59:59.999,8499031623.67870,1917096,66675.710,4269685167.19470,0
2024-08-25 00:00:00.000,64116.6,65175.4,63731.3,64190.2,115546.888,2024-08-25 23:59:59.999,7418612747.51500,1638346,58769.818,3774149537.67650,0
2024-08-26 00:00:00.000,64190.1,64455.8,62750.2,62807.6,195977.222,2024-08-26 23:59:59.999,12456922931.31650,2669531,95792.830,6089811773.39390,0
2024-08-27 00:00:00.000,62807.7,63196.0,57928.2,59384.5,339269.805,2024-08-27 23:59:59.999,20779523749.72680,4148335,161112.925,9874460639.45430,0
2024-08-28 00:00:00.000,59384.4,60197.8,57820.0,59010.0,313788.567,2024-08-28 23:59:59.999,18562796937.10600,4006168,154108.273,9117512955.73850,0
2024-08-29 00:00:00.000,59010.0,61144.9,58655.0,59323.2,233896.685,2024-08-29 23:59:59.999,13998969371.33280,3220101,116163.951,6954182893.43660,0
2024-08-30 00:00:00.000,59323.3,59914.9,57525.0,59096.3,268276.469,2024-08-30 23:59:59.999,15800867331.90450,3445930,132245.238,7790697273.10780,0
2024-08-31 00:00:00.000,59096.4,59436.0,58700.0,58941.9,68866.674,2024-08-31 23:59:59.999,4066497717.58450,1100926,34022.557,2009114119.11510,0
2024-09-01 00:00:00.000,58941.9,59052.7,57123.0,57268.1,222909.914,2024-09-01 23:59:59.999,12933895810.73820,2973388,107912.495,6262209070.85710,0
2024-09-02 00:00:00.000,57268.1,59412.3,57093.0,59112.1,201218.384,2024-09-02 23:59:59.999,11712610829.43700,2791495,105185.507,6124490188.34060,0
2024-09-03 00:00:00.000,59112.2,59790.0,57320.0,57451.9,230196.497,2024-09-03 23:59:59.999,13447232675.75190,2903076,112535.989,6574135554.15860,0
2024-09-04 00:00:00.000,57452.0,58500.0,55555.0,57944.8,326983.311,2024-09-04 23:59:59.999,18654996691.65024,3905351,162532.536,9276036995.57787,0
2024-09-05 00:00:00.000,57944.8,58318.9,55600.0,56145.7,294703.592,2024-09-05 23:59:59.999,16706483191.85918,3623974,142199.828,8062405728.95297,0
2024-09-06 00:00:00.000,56145.7,57000.0,52510.8,53927.7,479063.113,2024-09-06 23:59:59.999,26315512592.25967,5836491,229027.842,12585336491.99278,0
2024-09-07 00:00:00.000,53927.7,54820.2,53725.0,54134.9,127686.594,2024-09-07 23:59:59.999,6925003321.31154,1789526,61481.961,3334529368.32578,0
2024-09-08 00:00:00.000,54134.9,55300.0,53596.5,54839.6,162078.536,2024-09-08 23:59:59.999,8813184978.46583,2060226,80094.047,4355839271.17598,0
2024-09-09 00:00:00.000,54839.6,58153.2,54557.0,57010.0,313094.361,2024-09-09 23:59:59.999,17488710008.56580,3837831,161809.297,9042217664.15334,0
2024-09-10 00:00:00.000,57010.1,58033.2,56361.0,57609.1,228317.676,2024-09-10 23:59:59.999,13034447010.34392,3066469,114113.817,6515452297.27290,0
2024-09-11 00:00:00.000,57609.2,57954.4,55515.2,57306.0,338231.445,2024-09-11 23:59:59.999,19189527027.30010,4339590,166536.314,9449054324.33177,0
2024-09-12 00:00:00.000,57305.6,58606.6,57283.1,58097.0,261449.688,2024-09-12 23:59:59.999,15152600210.52490,3433611,133061.371,7712560982.05330,0
2024-09-13 00:00:00.000,58097.1,60597.0,57594.0,60456.2,277429.492,2024-09-13 23:59:59.999,16347290879.85790,3289248,143075.046,8434334370.77540,0
2024-09-14 00:00:00.000,60456.2,60572.9,59360.1,59964.0,102580.577,2024-09-14 23:59:59.999,6149247444.51590,1497202,49816.107,2986387680.51900,0
2024-09-15 00:00:00.000,59963.9,60369.4,58654.0,59100.5,130524.206,2024-09-15 23:59:59.999,7800793636.42920,1736437,63898.203,3820367680.74490,0
2024-09-16 00:00:00.000,59100.5,59182.2,57446.3,58187.0,250699.432,2024-09-16 23:59:59.999,14603341245.01310,3119099,124364.721,7245223849.43700,0
2024-09-17 00:00:00.000,58187.0,61345.0,57588.8,60281.0,318442.066,2024-09-17 23:59:59.999,19038330615.67440,3715666,162650.990,9728263253.47190,0
2024-09-18 00:00:00.000,60281.0,61765.0,59138.0,61735.3,355729.312,2024-09-18 23:59:59.999,21417510491.09410,4185877,178557.030,10753245281.71380,0
2024-09-19 00:00:00.000,61735.3,63830.1,61534.0,62926.9,302382.412,2024-09-19 23:59:59.999,18960165410.28460,3599751,154468.425,9685219302.77870,0
2024-09-20 00:00:00.000,62926.9,64126.7,62320.0,63175.7,257172.835,2024-09-20 23:59:59.999,16250975201.09950,3091262,127396.139,8050898578.36490,0
2024-09-21 00:00:00.000,63175.8,63546.9,62714.2,63320.6,78248.362,2024-09-21 23:59:59.999,4936698095.06510,1073883,39389.066,2485270171.80710,0
2024-09-22 00:00:00.000,63320.6,64000.0,62339.0,63558.4,149129.884,2024-09-22 23:59:59.999,9395420389.82720,1916442,75059.640,4729979286.47550,0
2024-09-23 00:00:00.000,63558.5,64724.8,62534.4,63302.0,234343.564,2024-09-23 23:59:59.999,14896908173.82340,3034337,116291.356,7394263522.14010,0
2024-09-24 00:00:00.000,63302.1,64666.0,62688.2,64243.1,236987.628,2024-09-24 23:59:59.999,15055312109.76380,2854709,118461.883,7527452459.86950,0
2024-09-25 00:00:00.000,64243.2,64800.0,62910.0,63118.4,184950.772,2024-09-25 23:59:59.999,11776674397.84630,2269562,89579.443,5704912795.96050,0
2024-09-26 00:00:00.000,63118.3,65800.0,62634.4,65139.2,321186.356,2024-09-26 23:59:59.999,20718992185.67800,3601296,164114.507,10590411520.53810,0
2024-09-27 00:00:00.000,65139.1,66450.0,64788.0,65749.6,226404.021,2024-09-27 23:59:59.999,14875897055.11340,2828264,115294.899,7576778937.05850,0
2024-09-28 00:00:00.000,65749.5,66237.0,65368.1,65822.6,92773.553,2024-09-28 23:59:59.999,6095989647.14800,1280637,45357.404,2980985325.19800,0
2024-09-29 00:00:00.000,65822.7,66059.3,65400.0,65568.1,88131.799,2024-09-29 23:59:59.999,5789646713.05380,1294673,44105.125,2897677866.99510,0
2024-09-30 00:00:00.000,65568.2,65588.8,62825.0,63309.1,296848.373,2024-09-30 23:59:59.999,18997631918.35860,3646635,142277.859,9104886260.43830,0
2024-10-01 00:00:00.000,63309.0,64092.6,60128.2,60776.8,429817.835,2024-10-01 23:59:59.999,26755501281.81410,5090159,202041.673,12580934070.05860,0
2024-10-02 00:00:00.000,60776.7,62355.0,59934.9,60622.6,327001.805,2024-10-02 23:59:59.999,19999405207.74720,4403020,165312.966,10112397461.58770,0
2024-10-03 00:00:00.000,60622.7,61452.6,59815.0,60727.2,286137.212,2024-10-03 23:59:59.999,17336091836.27000,4070646,142442.832,8631124732.35740,0
2024-10-04 00:00:00.000,60727.1,62457.1,60434.1,62054.4,234795.836,2024-10-04 23:59:59.999,14447838961.21820,3191780,117924.251,7256208032.65300,0
2024-10-05 00:00:00.000,62054.3,62344.0,61648.0,62023.1,74330.781,2024-10-05 23:59:59.999,4609154133.52220,1165143,36354.653,2254335296.57050,0
2024-10-06 00:00:00.000,62023.1,62961.5,61778.9,62789.3,96413.453,2024-10-06 23:59:59.999,6017121071.27540,1460205,49785.603,3107529360.21940,0
2024-10-07 00:00:00.000,62789.2,64448.2,62091.8,62190.7,298949.375,2024-10-07 23:59:59.999,18940835036.91600,3730708,150408.794,9532075315.19210,0
2024-10-08 00:00:00.000,62190.6,63178.7,61836.0,62131.7,226276.359,2024-10-08 23:59:59.999,14122241997.20830,3007788,113386.113,7077131216.20530,0
2024-10-09 00:00:00.000,62131.8,62520.9,60251.9,60606.4,217302.173,2024-10-09 23:59:59.999,13394677570.44420,2924602,102493.086,6320292483.10310,0
2024-10-10 00:00:00.000,60606.3,61297.0,58900.0,60293.2,262947.653,2024-10-10 23:59:59.999,15860406266.31720,3293428,126668.725,7643262512.47680,0
2024-10-11 00:00:00.000,60293.3,63400.0,60057.8,62509.0,263691.142,2024-10-11 23:59:59.999,16300232843.38460,2987936,136678.025,8451830575.48780,0
2024-10-12 00:00:00.000,62509.0,63462.6,62458.0,63176.0,102784.406,2024-10-12 23:59:59.999,6470178939.69780,1502904,52596.644,3311003190.83580,0
2024-10-13 00:00:00.000,63176.0,63260.0,62020.0,62839.8,129696.156,2024-10-13 23:59:59.999,8122753016.44110,1736972,65051.714,4074161973.89310,0
2024-10-14 00:00:00.000,62839.7,66533.0,62420.0,66064.9,338251.601,2024-10-14 23:59:59.999,21963988365.44900,4101901,178341.255,11578802686.17310,0
2024-10-15 00:00:00.000,66064.9,67953.7,64771.7,67044.1,422005.511,2024-10-15 23:59:59.999,27957041428.08070,5023772,212525.530,14081744812.92180,0
2024-10-16 00:00:00.000,67044.0,68400.0,66724.2,67592.0,254153.501,2024-10-16 23:59:59.999,17177776071.04050,3762374,129797.416,8774346244.89830,0
2024-10-17 00:00:00.000,67592.0,67925.9,66600.0,67401.5,220272.837,2024-10-17 23:59:59.999,14795216327.45120,3150922,108933.392,7317585990.05760,0
2024-10-18 00:00:00.000,67401.5,69000.0,67165.0,68407.8,245301.761,2024-10-18 23:59:59.999,16730949885.21850,3341893,124706.313,8506209999.58710,0
2024-10-19 00:00:00.000,68407.8,68684.9,68000.0,68357.1,68632.108,2024-10-19 23:59:59.999,4686325947.34620,1101059,33351.493,2277466859.36210,0
2024-10-20 00:00:00.000,68357.1,69425.8,68069.8,69020.1,105939.492,2024-10-20 23:59:59.999,7272050313.90200,1491959,55143.159,3786176895.56450,0
2024-10-21 00:00:00.000,69020.2,69566.0,66865.9,67368.8,253437.333,2024-10-21 23:59:59.999,17221797609.56180,3394803,122912.479,8352897546.30190,0
2024-10-22 00:00:00.000,67368.7,67825.0,66536.5,67406.4,218518.977,2024-10-22 23:59:59.999,14691178661.73700,3051273,106501.520,7161365642.60920,0
2024-10-23 00:00:00.000,67406.5,67449.0,65222.3,66647.2,248215.058,2024-10-23 23:59:59.999,16468539329.48640,3273578,119532.632,7931905738.88290,0
2024-10-24 00:00:00.000,66647.3,68842.5,66482.0,68173.8,212340.722,2024-10-24 23:59:59.999,14354067671.95370,2955244,106868.448,7226223379.45200,0
2024-10-25 00:00:00.000,68173.8,68748.0,65557.2,66662.8,348511.871,2024-10-25 23:59:59.999,23454022803.98780,4106320,167089.238,11245950945.23940,0
2024-10-26 00:00:00.000,66662.7,67450.0,66414.1,67071.8,94169.992,2024-10-26 23:59:59.999,6303068381.58350,1522633,47331.442,3168535951.70010,0
2024-10-27 00:00:00.000,67071.9,68306.1,66909.4,67992.6,88468.808,2024-10-27 23:59:59.999,5981933235.93080,1363490,45814.326,3097899762.05210,0
2024-10-28 00:00:00.000,67992.7,70331.0,67584.2,69940.0,256128.622,2024-10-28 23:59:59.999,17649920563.69780,3334954,135854.890,9364715099.58750,0
2024-10-29 00:00:00.000,69939.9,73660.0,69733.0,72739.5,382502.06,2024-10-29 23:59:59.999,27502269768.00910,4796294,199025.299,14310964149.76510,0
2024-10-30 00:00:00.000,72739.5,72984.9,71444.2,72349.0,227108.808,2024-10-30 23:59:59.999,16394681792.45450,3249471,113211.086,8173511312.54960,0
2024-10-31 00:00:00.000,72349.0,72720.3,69705.0,70321.9,256485.328,2024-10-31 23:59:59.999,18260860195.93380,3578458,122732.500,8739091396.84220,0
2024-11-01 00:00:00.000,70321.9,71650.0,68822.5,69495.5,352591.088,2024-11-01 23:59:59.999,24669697590.18230,4618190,170405.189,11925042790.09200,0
2024-11-02 00:00:00.000,69495.4,69913.1,69022.8,69366.6,79314.105,2024-11-02 23:59:59.999,5511280357.91500,1401664,38567.431,2680264487.40800,0
2024-11-03 00:00:00.000,69366.6,69393.7,67446.6,68762.5,226477.376,2024-11-03 23:59:59.999,15481140255.26100,3241078,110474.573,7552569346.65320,0
2024-11-04 00:00:00.000,68762.5,69495.3,66810.0,67834.3,244912.166,2024-11-04 23:59:59.999,16709405013.03920,3684843,120605.019,8229317913.70590,0
2024-11-05 00:00:00.000,67834.4,70537.4,67454.2,69353.1,273070.87,2024-11-05 23:59:59.999,18923323986.08670,3919866,137002.020,9493699734.85340,0
2024-11-06 00:00:00.000,69353.1,76420.0,69272.7,75579.9,677440.286,2024-11-06 23:59:59.999,50043233600.56650,9334179,345735.567,25535530724.84280,0
2024-11-07 00:00:00.000,75579.9,76900.0,74450.0,75859.4,280675.033,2024-11-07 23:59:59.999,21221666454.48560,4431074,139928.414,10582872012.83220,0
2024-11-08 00:00:00.000,75859.4,77182.9,75576.3,76482.2,230370.324,2024-11-08 23:59:59.999,17566203957.74340,3534735,114282.624,8715326346.16310,0
2024-11-09 00:00:00.000,76482.2,76920.0,75683.2,76675.1,117754.034,2024-11-09 23:59:59.999,8994277678.53300,1816643,59583.942,4551928443.17200,0
2024-11-10 00:00:00.000,76675.1,81699.8,76501.1,80410.0,417426.899,2024-11-10 23:59:59.999,33139797917.86550,5763782,215382.123,17097265052.95570,0
2024-11-11 00:00:00.000,80409.9,89800.0,80261.2,88728.9,614141.662,2024-11-11 23:59:59.999,51921309639.71370,8091453,316223.693,26747721809.74700,0
2024-11-12 00:00:00.000,88729.0,90070.1,85159.9,87972.0,639481.584,2024-11-12 23:59:59.999,56145246108.62860,9027355,314356.606,27606998598.80910,0
2024-11-13 00:00:00.000,87972.0,93421.1,86180.0,90413.3,555288.297,2024-11-13 23:59:59.999,49968681554.16390,8571385,277133.514,24945056051.66740,0
2024-11-14 00:00:00.000,90413.3,91846.1,86714.0,87382.7,364621.68,2024-11-14 23:59:59.999,32638189823.33260,6465556,175052.126,15674764672.45050,0
2024-11-15 00:00:00.000,87382.6,91921.5,87111.0,91074.6,314431.908,2024-11-15 23:59:59.999,28084223845.57620,5422261,157612.637,14079368306.96830,0
2024-11-16 00:00:00.000,91074.6,91849.8,90120.0,90643.3,129023.447,2024-11-16 23:59:59.999,11746506687.24780,2572935,63437.962,5776317707.03000,0
2024-11-17 00:00:00.000,90643.2,91539.6,88736.1,89899.9,167504.792,2024-11-17 23:59:59.999,15122853835.94620,3269289,80279.079,7248836908.41830,0
2024-11-18 00:00:00.000,89900.0,92700.0,89422.1,90507.4,333557.11,2024-11-18 23:59:59.999,30393971318.50500,5685709,165196.218,15056824948.46660,0
2024-11-19 00:00:00.000,90507.4,93985.9,90405.6,92335.9,303532.031,2024-11-19 23:59:59.999,27998124860.44330,5066640,154196.033,14225419074.15040,0
2024-11-20 00:00:00.000,92335.9,94849.0,91500.0,94288.0,290044.227,2024-11-20 23:59:59.999,27169810860.10570,4993020,145898.739,13669687515.32390,0
2024-11-21 00:00:00.000,94288.0,99100.0,94008.7,98366.8,418383.136,2024-11-21 23:59:59.999,40626855808.82080,6905515,213934.313,20772603446.41030,0
2024-11-22 00:00:00.000,98366.8,99660.0,97199.9,98921.4,265774.067,2024-11-22 23:59:59.999,26216909526.37850,4555503,130427.272,12867581114.41770,0
2024-11-23 00:00:00.000,98921.5,98937.3,97173.5,97725.5,120358.422,2024-11-23 23:59:59.999,11819741402.08440,2258791,57833.796,5680407129.21680,0
2024-11-24 00:00:00.000,97725.6,98666.0,95822.1,97960.4,173118.84,2024-11-24 23:59:59.999,16831814834.72900,3273568,84519.177,8217593372.25680,0
2024-11-25 00:00:00.000,97960.5,98999.0,92666.0,93064.0,329375.021,2024-11-25 23:59:59.999,31634790118.77920,5330405,156656.185,15053596210.37090,0
2024-11-26 00:00:00.000,93064.0,95064.0,90866.4,92021.4,344929.233,2024-11-26 23:59:59.999,32058954666.34630,6021621,169186.591,15726674891.56900,0
2024-11-27 00:00:00.000,92021.5,97250.0,91864.0,95905.2,237005.987,2024-11-27 23:59:59.999,22446169054.81160,4071168,119608.298,11331448003.07430,0
2024-11-28 00:00:00.000,95905.2,96627.6,94700.1,95694.4,154007.026,2024-11-28 23:59:59.999,14702795800.16060,2817181,77818.663,7429887575.11810,0
2024-11-29 00:00:00.000,95694.4,98713.3,95404.5,97516.3,190520.949,2024-11-29 23:59:59.999,18512741566.78610,3084809,96983.959,9425322800.44920,0
2024-11-30 00:00:00.000,97516.2,97522.1,96150.0,96475.1,93074.218,2024-11-30 23:59:59.999,9004708395.73830,1665673,45055.735,4359094830.71420,0
2024-12-01 00:00:00.000,96475.2,97933.0,95736.5,97265.1,113222.99,2024-12-01 23:59:59.999,10975143904.85590,1872343,56376.584,5466023875.94690,0
2024-12-02 00:00:00.000,97265.0,98266.0,94400.0,95890.5,257613.911,2024-12-02 23:59:59.999,24755123881.90790,4234044,125164.847,12027481647.31620,0
2024-12-03 00:00:00.000,95890.6,96375.0,93605.0,95913.3,206601.98,2024-12-03 23:59:59.999,19688305230.34510,3444469,101902.052,9712617439.87240,0
2024-12-04 00:00:00.000,95913.3,99099.9,94650.8,98669.8,275949.205,2024-12-04 23:59:59.999,26698552379.62400,4179149,138709.043,13423074277.06780,0
2024-12-05 00:00:00.000,98669.8,104630.4,90200.0,97001.5,580277.391,2024-12-05 23:59:59.999,58190879933.22300,9642120,287805.322,28877723631.04590,0
2024-12-06 00:00:00.000,97001.6,101988.8,96429.5,99802.5,282369.608,2024-12-06 23:59:59.999,27983159150.53820,4877066,138602.426,13738512102.07640,0
2024-12-07 00:00:00.000,99802.5,100499.0,98876.9,99899.2,95858.658,2024-12-07 23:59:59.999,9559737335.79180,1929665,46690.787,4656621659.90060,0
2024-12-08 00:00:00.000,99899.2,101457.9,98709.4,101200.0,109755.676,2024-12-08 23:59:59.999,10964662734.31060,2103094,54846.329,5480892590.55530,0
2024-12-09 00:00:00.000,101200.1,101300.0,94039.7,97349.1,326973.59,2024-12-09 23:59:59.999,32095240187.15530,5773645,154603.214,15178921296.59380,0
2024-12-10 00:00:00.000,97349.1,98320.6,94265.5,96602.4,291490.744,2024-12-10 23:59:59.999,28129042004.19550,5651800,145065.327,13999753767.77560,0
2024-12-11 00:00:00.000,96602.3,101880.0,95650.0,101115.3,221807.705,2024-12-11 23:59:59.999,21990321141.77170,4229343,114251.792,11330912751.36300,0
2024-12-12 00:00:00.000,101115.3,102538.4,99280.2,99982.4,215219.075,2024-12-12 23:59:59.999,21703839602.32590,4129177,108312.625,10925625576.31290,0
2024-12-13 00:00:00.000,99982.3,101869.5,99149.6,101371.9,152437.318,2024-12-13 23:59:59.999,15327839534.23430,3042727,76027.654,7643586373.44930,0
2024-12-14 00:00:00.000,101371.9,102638.0,100559.8,101381.0,107680.549,2024-12-14 23:59:59.999,10931716374.33510,2229858,53113.631,5393209129.07340,0
2024-12-15 00:00:00.000,101381.0,105374.6,101200.1,104460.4,157733.916,2024-12-15 23:59:59.999,16239310087.65060,3101360,84467.830,8698622472.89030,0
2024-12-16 00:00:00.000,104460.5,107777.0,103264.6,106023.2,274395.756,2024-12-16 23:59:59.999,28967203114.56230,5278040,138944.346,14670105148.11170,0
2024-12-17 00:00:00.000,106023.2,108366.8,105252.0,106074.6,197773.912,2024-12-17 23:59:59.999,21115019475.69990,4179052,99997.280,10677741430.49600,0
2024-12-18 00:00:00.000,106074.6,106484.6,99951.1,100181.1,328581.935,2024-12-18 23:59:59.999,33924249957.01830,6216898,155604.905,16069941921.91310,0
2024-12-19 00:00:00.000,100181.2,102756.7,95681.2,97434.4,372968.463,2024-12-19 23:59:59.999,37081222303.66210,7425449,179453.917,17848001701.13410,0
2024-12-20 00:00:00.000,97434.3,98243.0,92272.6,97764.4,396188.795,2024-12-20 23:59:59.999,37958727658.27420,7747092,192090.031,18404614563.65250,0
2024-12-21 00:00:00.000,97764.5,99485.0,96375.0,97261.8,161258.48,2024-12-21 23:59:59.999,15758501543.96870,3335893,80347.265,7853653926.31290,0
2024-12-22 00:00:00.000,97261.7,97437.9,94200.0,95153.5,148114.735,2024-12-22 23:59:59.999,14215963268.65060,3134938,70507.415,6767628913.80170,0
2024-12-23 00:00:00.000,95153.4,96499.0,92464.4,94861.1,247211.855,2024-12-23 23:59:59.999,23352438472.94400,5207668,121829.032,11510199532.18420,0
2024-12-24 00:00:00.000,94861.0,99450.0,93525.6,98627.2,211610.632,2024-12-24 23:59:59.999,20467193731.42790,3920298,109376.056,10580880454.97620,0
2024-12-25 00:00:00.000,98626.9,99580.7,97570.0,99379.7,124696.892,2024-12-25 23:59:59.999,12284101310.06620,2722825,62253.484,6133707303.63930,0
2024-12-26 00:00:00.000,99379.6,99950.0,95153.0,95751.0,194857.651,2024-12-26 23:59:59.999,18828963496.91000,3878316,95170.879,9195863626.73160,0
2024-12-27 00:00:00.000,95750.9,97564.5,93440.0,94258.9,206008.243,2024-12-27 23:59:59.999,19664748484.44320,4086656,102046.139,9741715105.66710,0
2024-12-28 00:00:00.000,94258.9,95700.0,94100.0,95259.1,67991.349,2024-12-28 23:59:59.999,6441586533.22910,1613529,35331.939,3347872125.46630,0
2024-12-29 00:00:00.000,95259.1,95300.0,92961.8,93700.0,95047.934,2024-12-29 23:59:59.999,8949366966.58030,1990464,44931.737,4231864476.59380,0
2024-12-30 00:00:00.000,93699.9,95031.6,91510.0,92759.3,222343.593,2024-12-30 23:59:59.999,20718759693.37400,4401173,111061.003,10352744732.74160,0
2024-12-31 00:00:00.000,92759.3,96254.3,92000.0,93548.9,178648.116,2024-12-31 23:59:59.999,16839152825.52850,3535447,91654.172,8640104348.41820,0
2025-01-01 00:00:00.000,93548.8,95161.2,92796.5,94580.9,91236.66,2025-01-01 23:59:59.999,8572615379.77510,1804360,45712.481,4296719477.46090,0
2025-01-02 00:00:00.000,94580.9,97822.4,94357.4,96967.5,181645.495,2025-01-02 23:59:59.999,17520373569.67460,3485887,91670.018,8844274083.05830,0
2025-01-03 00:00:00.000,96967.6,98949.0,96061.5,98145.7,125220.674,2025-01-03 23:59:59.999,12191508268.32130,2447503,62635.650,6100956961.67880,0
2025-01-04 00:00:00.000,98145.7,98760.9,97438.2,98173.2,71914.634,2025-01-04 23:59:59.999,7047067115.15750,1425236,34608.531,3391666127.76310,0
2025-01-05 00:00:00.000,98173.2,98852.6,97227.0,98340.2,74949.289,2025-01-05 23:59:59.999,7346604757.87060,1416760,36787.547,3606330342.23360,0
2025-01-06 00:00:00.000,98340.2,102444.0,97872.6,102180.4,207493.329,2025-01-06 23:59:59.999,20828553113.39480,3872847,106223.517,10662927605.40190,0
2025-01-07 00:00:00.000,102180.5,102762.1,96153.0,96920.3,258711.309,2025-01-07 23:59:59.999,25560001123.22800,4469033,124202.163,12272379694.86840,0
2025-01-08 00:00:00.000,96920.2,97242.2,92500.0,95014.1,262012.113,2025-01-08 23:59:59.999,24890488875.36570,5034341,125746.041,11946830838.16460,0
2025-01-09 00:00:00.000,95014.0,95358.7,91055.8,92505.9,257760.902,2025-01-09 23:59:59.999,23994411572.69750,4976061,122609.978,11417561891.89930,0
2025-01-10 00:00:00.000,92506.0,95882.5,92173.6,94675.5,261942.954,2025-01-10 23:59:59.999,24636484066.71690,4889944,131544.773,12376535032.85150,0
2025-01-11 00:00:00.000,94675.6,94988.0,93802.1,94562.5,64661.763,2025-01-11 23:59:59.999,6101597708.53980,1369972,31163.719,2940960226.65830,0
2025-01-12 00:00:00.000,94562.4,95444.0,93661.1,94499.9,77298.133,2025-01-12 23:59:59.999,7302019629.83690,1571748,38243.259,3613115317.81440,0
2025-01-13 00:00:00.000,94499.9,95934.5,88909.0,94485.3,361150.49,2025-01-13 23:59:59.999,33357739608.82990,6407451,174597.800,16132783770.24380,0
2025-01-14 00:00:00.000,94485.4,97353.9,94305.4,96514.9,212859.661,2025-01-14 23:59:59.999,20455516830.07080,4065158,109290.334,10503730503.85280,0
2025-01-15 00:00:00.000,96514.9,100658.9,96450.2,100460.0,222417.566,2025-01-15 23:59:59.999,21890262973.65290,4026826,114044.233,11227791509.16740,0
2025-01-16 00:00:00.000,100460.0,100850.0,97293.6,99937.4,216802.52,2025-01-16 23:59:59.999,21512694586.07270,3912749,106931.954,10609333702.80320,0
2025-01-17 00:00:00.000,99937.4,105784.0,99902.0,104042.5,249449.969,2025-01-17 23:59:59.999,25723721360.39010,4489396,129505.273,13354794528.71220,0
2025-01-18 00:00:00.000,104042.6,104962.1,102242.8,104524.3,167940.092,2025-01-18 23:59:59.999,17403566499.77490,3308318,82838.623,8586609801.98830,0
2025-01-19 00:00:00.000,104524.3,106450.0,99600.0,101311.5,280949.178,2025-01-19 23:59:59.999,29174848452.05040,5347056,139324.607,14473672517.52180,0
2025-01-20 00:00:00.000,101311.5,110000.0,99501.0,102247.6,530508.18,2025-01-20 23:59:59.999,55636481995.31620,10954393,264671.225,27754752489.88730,0
2025-01-21 00:00:00.000,102247.7,107241.6,100097.2,106114.5,273296.828,2025-01-21 23:59:59.999,28422391304.19500,6773872,137255.680,14280891116.91680,0
2025-01-22 00:00:00.000,106115.4,106390.0,103211.6,103664.9,151243.528,2025-01-22 23:59:59.999,15829573488.17100,3771385,74815.093,7830997423.28900,0
2025-01-23 00:00:00.000,103664.9,106840.2,101211.0,103864.1,418154.019,2025-01-23 23:59:59.999,43515004634.54940,8556453,206938.749,21543146961.14340,0
2025-01-24 00:00:00.000,103864.0,107076.5,102680.0,104808.1,165746.95,2025-01-24 23:59:59.999,17435123504.27420,3964568,83393.686,8775081488.14890,0
2025-01-25 00:00:00.000,104808.0,105274.7,104040.6,104702.0,65630.163,2025-01-25 23:59:59.999,6869072101.76180,1653111,32840.336,3437604625.51880,0
2025-01-26 00:00:00.000,104702.0,105496.9,102450.3,102560.1,75787.087,2025-01-26 23:59:59.999,7903655326.05260,1627122,35869.344,3742534806.63050,0
2025-01-27 00:00:00.000,102560.0,103216.5,97680.0,102021.3,325689.874,2025-01-27 23:59:59.999,32694557659.07460,7400145,156956.501,15756518585.95550,0
2025-01-28 00:00:00.000,102021.3,103797.0,100235.0,101279.6,169917.261,2025-01-28 23:59:59.999,17380446310.66140,3946858,83140.626,8505451808.11730,0
2025-01-29 00:00:00.000,101279.7,104755.0,101269.7,103698.2,169989.952,2025-01-29 23:59:59.999,17464739221.27130,3968545,85699.010,8805219310.55860,0
2025-01-30 00:00:00.000,103698.1,106450.0,103224.5,104676.9,136967.4,2025-01-30 23:59:59.999,14403072504.99930,3003472,69611.533,7320676423.15950,0
2025-01-31 00:00:00.000,104676.9,106000.0,101509.0,102379.7,172237.817,2025-01-31 23:59:59.999,17878626999.90510,3554639,84961.162,8819624879.13870,0
2025-02-01 00:00:00.000,102379.8,102734.9,100215.0,100603.6,90863.091,2025-02-01 23:59:59.999,9240331525.59120,2078447,41605.579,4232004108.36640,0
2025-02-02 00:00:00.000,100603.6,101426.0,96029.6,97664.5,232934.693,2025-02-02 23:59:59.999,22949597609.48260,4938568,110296.111,10866284794.43150,0
2025-02-03 00:00:00.000,97664.5,102456.0,91130.3,101293.7,455088.034,2025-02-03 23:59:59.999,43861859909.71870,9447064,223647.345,21568873586.59650,0
2025-02-04 00:00:00.000,101293.6,101729.3,96100.0,97709.9,262746.203,2025-02-04 23:59:59.999,26009379200.56070,5493800,129124.324,12780935015.17150,0
2025-02-05 00:00:00.000,97710.0,99124.2,96106.1,96553.2,151379.666,2025-02-05 23:59:59.999,14787603373.43950,3469799,75494.667,7375761705.73190,0
2025-02-06 00:00:00.000,96553.2,99093.0,95613.5,96515.1,161521.013,2025-02-06 23:59:59.999,15732382004.60250,3536819,81877.093,7976520545.38390,0
2025-02-07 00:00:00.000,96515.0,100112.4,95555.0,96454.5,223373.629,2025-02-07 23:59:59.999,21837468262.46590,4285021,109960.027,10751019146.77500,0
2025-02-08 00:00:00.000,96454.5,96850.0,95600.0,96411.9,69050.432,2025-02-08 23:59:59.999,6644122527.12040,1556064,33693.238,3242334181.83900,0
2025-02-09 00:00:00.000,96412.0,97301.7,94650.1,96423.6,101177.286,2025-02-09 23:59:59.999,9736102711.94280,2020676,48790.479,4695821364.85380,0
2025-02-10 00:00:00.000,96423.6,98328.0,95200.1,97379.2,132932.545,2025-02-10 23:59:59.999,12909986839.92990,2797120,66003.413,6410342979.18640,0
2025-02-11 00:00:00.000,97379.2,98482.2,94814.3,95731.4,154832.904,2025-02-11 23:59:59.999,14974331187.23190,2870437,78111.297,7555540729.58120,0
2025-02-12 00:00:00.000,95731.4,98090.9,94003.9,97816.3,202448.079,2025-02-12 23:59:59.999,19439638352.87940,3777676,101345.223,9733747320.04580,0
2025-02-13 00:00:00.000,97816.3,98053.8,95160.1,96560.6,142240.526,2025-02-13 23:59:59.999,13680787136.67680,2882655,70609.214,6791245532.57450,0
2025-02-14 00:00:00.000,96560.6,98792.8,96225.7,97445.1,144452.957,2025-02-14 23:59:59.999,14050947379.43660,2698910,72407.897,7044416595.56260,0
2025-02-15 00:00:00.000,97445.2,97941.2,97170.0,97538.0,47418.593,2025-02-15 23:59:59.999,4625304231.21280,1122506,23589.946,2301136556.07420,0
2025-02-16 00:00:00.000,97538.0,97665.8,96002.0,96067.0,56684.873,2025-02-16 23:59:59.999,5495964821.89010,1178659,28140.784,2728106444.23340,0
2025-02-17 00:00:00.000,96067.0,97000.0,95150.6,95743.2,105576.986,2025-02-17 23:59:59.999,10136667892.90530,2123453,52837.371,5073257431.45700,0
2025-02-18 00:00:00.000,95743.1,96737.3,93321.6,95622.0,179173.362,2025-02-18 23:59:59.999,17034410558.30450,3299676,88832.523,8445742855.10690,0
2025-02-19 00:00:00.000,95622.0,96878.7,95012.5,96598.0,124996.873,2025-02-19 23:59:59.999,11992996490.35160,2363817,63086.712,6053366880.60420,0
2025-02-20 00:00:00.000,96597.9,98662.1,96366.0,98252.9,129180.172,2025-02-20 23:59:59.999,12598925800.64490,2405719,64867.841,6326977120.73490,0
2025-02-21 00:00:00.000,98252.8,99431.5,94830.4,96127.9,250618.273,2025-02-21 23:59:59.999,24420588679.30150,4068903,124529.311,12133862614.74290,0
2025-02-22 00:00:00.000,96128.0,96988.0,95701.9,96503.3,65792.15,2025-02-22 23:59:59.999,6345520284.09280,1273107,32970.239,3180377726.23420,0
2025-02-23 00:00:00.000,96503.3,96602.9,95180.2,96218.4,69298.691,2025-02-23 23:59:59.999,6647362791.99900,1246308,32959.317,3161812711.09470,0
2025-02-24 00:00:00.000,96218.4,96470.0,91300.0,91514.5,217488.75,2025-02-24 23:59:59.999,20543195679.43060,3909950,104378.439,9865664651.18920,0
2025-02-25 00:00:00.000,91514.5,92500.0,86020.4,88639.1,472296.502,2025-02-25 23:59:59.999,41894200562.92060,8369213,230468.657,20442958202.15420,0
2025-02-26 00:00:00.000,88639.1,89367.1,82222.0,84208.5,401141.821,2025-02-26 23:59:59.999,34536661991.64540,6847973,193276.120,16645210564.26130,0
2025-02-27 00:00:00.000,84208.6,87066.0,82667.0,84668.1,269408.53,2025-02-27 23:59:59.999,22931080203.54310,5083388,134703.889,11467445743.38040,0
2025-02-28 00:00:00.000,84668.2,85084.5,78200.2,84299.6,536343.231,2025-02-28 23:59:59.999,43686395142.19320,9672296,262633.603,21393439885.16450,0
2025-03-01 00:00:00.000,84299.6,86516.5,83779.0,86007.7,146996.671,2025-03-01 23:59:59.999,12515888419.98250,3014683,74405.406,6335243654.41020,0
2025-03-02 00:00:00.000,86007.7,94971.0,85015.0,94222.8,364711.538,2025-03-02 23:59:59.999,32943383217.41270,6300424,186997.224,16884419268.03260,0
2025-03-03 00:00:00.000,94222.0,94373.4,85029.0,86192.7,436032.402,2025-03-03 23:59:59.999,39107649568.93030,8664891,212309.797,19040499467.09230,0
2025-03-04 00:00:00.000,86193.3,88931.0,81200.0,87245.9,432434.798,2025-03-04 23:59:59.999,36591012063.21030,9150619,214743.474,18174066508.11510,0
2025-03-05 00:00:00.000,87245.9,91000.0,86328.0,90566.1,279001.09,2025-03-05 23:59:59.999,24826777816.65920,5960009,139026.346,12372571302.61900,0
2025-03-06 00:00:00.000,90566.1,92780.3,87790.5,89887.8,303058.632,2025-03-06 23:59:59.999,27350634937.00790,6061685,151593.360,13681706392.89260,0
2025-03-07 00:00:00.000,89887.9,91257.7,84600.0,86753.8,452474.195,2025-03-07 23:59:59.999,39785179157.30450,8215927,223754.968,19681724970.59570,0
2025-03-08 00:00:00.000,86753.8,86876.5,85108.0,86184.7,96106.187,2025-03-08 23:59:59.999,8274279764.80360,2043283,47297.675,4072452064.50180,0
2025-03-09 00:00:00.000,86184.7,86470.6,79933.4,80688.8,221609.348,2025-03-09 23:59:59.999,18439154205.80680,4087644,106112.910,8831516359.23630,0
2025-03-10 00:00:00.000,80690.7,84031.5,77410.1,78567.8,416386.797,2025-03-10 23:59:59.999,33576468153.03270,7504174,208814.004,16845572362.19050,0
2025-03-11 00:00:00.000,78567.8,83600.0,76560.0,82896.0,390779.169,2025-03-11 23:59:59.999,31496850047.13840,6700221,195834.159,15789737050.24720,0
2025-03-12 00:00:00.000,82896.0,84487.0,80578.5,83640.7,306171.124,2025-03-12 23:59:59.999,25257040236.94630,5204106,151645.580,12511698555.40410,0
2025-03-13 00:00:00.000,83640.7,84307.1,79903.4,81085.4,247960.052,2025-03-13 23:59:59.999,20339091216.64170,4136157,122081.993,10013322135.98310,0
2025-03-14 00:00:00.000,81085.5,85270.2,80772.0,83939.8,233544.708,2025-03-14 23:59:59.999,19480400183.00680,3668098,117011.970,9762569628.25720,0
2025-03-15 00:00:00.000,83939.9,84625.0,83564.5,84302.9,76674.97,2025-03-15 23:59:59.999,6452002481.00530,1360801,39046.913,3285717870.92020,0
2025-03-16 00:00:00.000,84303.0,85136.0,81925.6,82541.6,174630.7,2025-03-16 23:59:59.999,14560229989.66320,2961719,87189.041,7268415968.38450,0
2025-03-17 00:00:00.000,82541.6,84727.1,82384.0,83962.9,182662.082,2025-03-17 23:59:59.999,15243760952.73710,3126276,89902.776,7503060657.57960,0
2025-03-18 00:00:00.000,83963.0,83979.8,81113.5,82666.1,188897.749,2025-03-18 23:59:59.999,15546964609.49730,3234435,93706.244,7712643369.08860,0
2025-03-19 00:00:00.000,82666.2,86990.0,82501.8,86809.8,251961.741,2025-03-19 23:59:59.999,21278400806.17070,4041006,130453.798,11024873581.67210,0
2025-03-20 00:00:00.000,86809.8,87500.0,83613.6,84183.6,242943.492,2025-03-20 23:59:59.999,20712134490.68180,3647609,122401.863,10433709034.95920,0
2025-03-21 00:00:00.000,84183.6,84813.6,83122.0,84050.3,144422.271,2025-03-21 23:59:59.999,12128213315.58170,2379726,72427.426,6083061455.59870,0
2025-03-22 00:00:00.000,84050.3,84509.0,83589.5,83804.9,52218.652,2025-03-22 23:59:59.999,4391946161.31910,881860,24657.382,2074332526.13160,0
2025-03-23 00:00:00.000,83804.9,86110.9,83761.2,86044.2,90899.873,2025-03-23 23:59:59.999,7717260188.08990,1395203,48358.398,4106148242.50160,0
2025-03-24 00:00:00.000,86044.1,88752.0,85478.3,87463.4,210907.484,2025-03-24 23:59:59.999,18432550277.63870,3282516,106592.547,9315946461.06580,0
2025-03-25 00:00:00.000,87463.4,88500.0,86260.0,87369.8,173505.289,2025-03-25 23:59:59.999,15155815871.09900,2768708,86657.037,7570229992.00260,0
2025-03-26 00:00:00.000,87369.9,88270.2,85816.3,86873.8,187956.695,2025-03-26 23:59:59.999,16368183043.40190,2620341,90917.376,7918117145.71160,0
2025-03-27 00:00:00.000,86873.9,87722.4,85724.5,87191.2,163451.689,2025-03-27 23:59:59.999,14210148345.96870,2451436,79508.100,6912883489.79930,0
2025-03-28 00:00:00.000,87191.2,87470.0,83531.7,84380.8,222284.56,2025-03-28 23:59:59.999,18906017105.61240,3429988,109001.069,9269785351.17830,0
2025-03-29 00:00:00.000,84380.8,84589.7,81601.0,82604.7,135513.705,2025-03-29 23:59:59.999,11234711035.31150,2216920,65408.377,5422718032.78300,0
2025-03-30 00:00:00.000,82604.8,83490.0,81501.4,82352.8,109565.925,2025-03-30 23:59:59.999,9064725716.81790,1944059,53855.053,4455757412.54540,0
2025-03-31 00:00:00.000,82353.1,83895.8,81222.0,82517.5,212064.576,2025-03-31 23:59:59.999,17489658395.79870,3700495,107182.781,8840032547.45390,0
2025-04-01 00:00:00.000,82517.5,85595.5,82383.3,85120.9,197263.176,2025-04-01 23:59:59.999,16592830383.79360,3204984,99985.019,8411848741.20490,0
2025-04-02 00:00:00.000,85121.0,88500.0,82300.0,82485.1,348964.378,2025-04-02 23:59:59.999,29832752692.17040,5700524,175049.916,14963523237.13740,0
2025-04-03 00:00:00.000,82485.1,83889.2,81172.2,83181.5,239163.519,2025-04-03 23:59:59.999,19745607618.65610,4066509,121059.010,9995687106.88840,0
2025-04-04 00:00:00.000,83181.7,84686.2,81624.6,83861.3,353109.206,2025-04-04 23:59:59.999,29383845902.26800,5495133,175192.252,14576752174.16230,0
2025-04-05 00:00:00.000,83861.4,84244.5,82333.8,83506.1,99574.204,2025-04-05 23:59:59.999,8287351555.45360,1673031,49164.812,4092690380.83050,0
2025-04-06 00:00:00.000,83506.1,83790.5,77111.0,78390.0,281191.753,2025-04-06 23:59:59.999,22582931441.79100,4458658,135853.523,10906301844.53190,0
2025-04-07 00:00:00.000,78390.1,81200.0,74457.0,79140.0,693843.503,2025-04-07 23:59:59.999,53937100469.04900,10521238,346063.905,26911968310.81200,0
2025-04-08 00:00:00.000,79140.1,80832.1,76200.1,76297.9,328409.534,2025-04-08 23:59:59.999,25796580911.52060,5357269,164156.315,12892077293.05060,0
2025-04-09 00:00:00.000,76298.0,83554.9,74578.5,82588.0,560649.862,2025-04-09 23:59:59.999,44072322884.09750,8799174,279060.371,21941548090.15170,0
2025-04-10 00:00:00.000,82587.9,82706.9,78416.0,79560.2,293662.1,2025-04-10 23:59:59.999,23687469484.82990,4989231,144665.485,11670843510.51270,0
2025-04-11 00:00:00.000,79560.3,84300.0,78935.5,83378.3,295777.871,2025-04-11 23:59:59.999,24267636755.01350,4822203,150572.211,12356304190.99680,0
2025-04-12 00:00:00.000,83378.3,85884.2,82756.0,85237.8,158002.837,2025-04-12 23:59:59.999,13313650656.68620,2750499,82997.381,6994512695.91620,0
2025-04-13 00:00:00.000,85237.9,86100.0,82991.5,83713.7,207038.38,2025-04-13 23:59:59.999,17457667797.33170,3377742,104685.133,8828549442.25670,0
2025-04-14 00:00:00.000,83713.8,85755.0,83630.9,84553.9,209349.356,2025-04-14 23:59:59.999,17726843976.26840,3632120,105627.155,8944536222.28040,0
2025-04-15 00:00:00.000,84553.9,86443.0,83560.0,83608.7,184522.182,2025-04-15 23:59:59.999,15709860552.16040,3121181,92743.662,7897738727.04530,0
2025-04-16 00:00:00.000,83608.6,85493.5,83063.9,83990.0,209441.418,2025-04-16 23:59:59.999,17600465000.78820,3500261,104313.038,8765949261.33310,0
2025-04-17 00:00:00.000,83990.1,85441.5,83700.0,84915.0,141033.195,2025-04-17 23:59:59.999,11925437240.44360,2398235,72010.546,6090740216.03830,0
2025-04-18 00:00:00.000,84914.9,85100.0,84260.0,84421.0,55218.842,2025-04-18 23:59:59.999,4669701038.41810,1026255,27406.677,2318092065.54330,0
2025-04-19 00:00:00.000,84421.0,85600.0,84317.2,85046.9,73380.566,2025-04-19 23:59:59.999,6243873371.14000,1278384,37104.342,3157189773.83480,0
2025-04-20 00:00:00.000,85046.9,85283.6,83900.0,85138.8,90651.818,2025-04-20 23:59:59.999,7672458746.81500,1426040,44964.070,3805208941.16240,0
2025-04-21 00:00:00.000,85138.9,88418.2,85100.0,87466.0,274069.871,2025-04-21 23:59:59.999,23894438019.91220,3962240,142309.183,12402163704.52370,0
2025-04-22 00:00:00.000,87466.0,94142.5,87017.5,93404.9,334005.081,2025-04-22 23:59:59.999,30146810687.62330,4829876,177605.550,16036484444.53020,0
2025-04-23 00:00:00.000,93404.9,94904.3,91898.0,93632.1,232748.428,2025-04-23 23:59:59.999,21736791484.55850,3900078,115506.413,10789641621.99900,0
2025-04-24 00:00:00.000,93632.2,93980.6,91619.0,93931.6,157092.728,2025-04-24 23:59:59.999,14589477688.51480,2683732,80302.400,7459609794.26430,0
2025-04-25 00:00:00.000,93931.5,95769.6,92788.0,94591.8,191830.477,2025-04-25 23:59:59.999,18114328489.79020,3288571,94332.019,8908813873.07070,0
2025-04-26 00:00:00.000,94591.8,95157.1,93833.0,94575.7,72538.209,2025-04-26 23:59:59.999,6848477987.11940,1340715,35871.715,3386854791.01900,0
2025-04-27 00:00:00.000,94575.7,95280.5,93547.3,93697.1,83816.183,2025-04-27 23:59:59.999,7891352346.55500,1503584,42053.018,3960324881.56310,0
2025-04-28 00:00:00.000,93697.0,95578.8,92700.0,94969.0,194420.716,2025-04-28 23:59:59.999,18333704018.26040,2926262,97737.227,9216963298.62440,0
2025-04-29 00:00:00.000,94969.0,95426.4,93678.7,94200.1,147831.794,2025-04-29 23:59:59.999,14010734428.51480,2481112,74470.172,7059198792.23640,0
2025-04-30 00:00:00.000,94200.1,95186.5,92848.1,94125.1,170929.31,2025-04-30 23:59:59.999,16099511642.49030,2588053,85918.517,8092754197.72290,0
2025-05-01 00:00:00.000,94125.2,97388.0,94086.7,96423.3,184526.755,2025-05-01 23:59:59.999,17724494702.12160,2825368,96525.420,9270272677.55800,0
2025-05-02 00:00:00.000,96423.2,97865.4,96283.1,96831.2,139197.526,2025-05-02 23:59:59.999,13503167893.55230,2240247,68734.402,6668888338.85060,0
2025-05-03 00:00:00.000,96831.2,96868.4,95700.0,95803.3,71420.629,2025-05-03 23:59:59.999,6871382895.53110,1207124,34360.578,3306264200.83170,0
2025-05-04 00:00:00.000,95803.3,96266.6,94116.4,94230.2,94260.877,2025-05-04 23:59:59.999,8988011491.01100,1550180,46059.520,4393531982.45870,0
2025-05-05 00:00:00.000,94230.2,95165.1,93445.1,94696.7,154902.375,2025-05-05 23:59:59.999,14600852881.65680,2364149,78619.623,7411253704.98740,0
2025-05-06 00:00:00.000,94696.7,96879.5,93327.0,96798.9,173683.066,2025-05-06 23:59:59.999,16444015298.95780,2556838,87234.117,8263124302.70060,0
2025-05-07 00:00:00.000,96798.9,97700.0,95718.5,96988.4,185267.142,2025-05-07 23:59:59.999,17927424779.68890,2739288,92439.664,8946083419.86990,0
2025-05-08 00:00:00.000,96988.4,104305.3,96831.5,103228.1,317422.469,2025-05-08 23:59:59.999,31823810370.56130,4445990,167054.489,16750638859.96040,0
2025-05-09 00:00:00.000,103228.0,104373.0,102240.0,102941.9,172883.922,2025-05-09 23:59:59.999,17811570329.72210,3180781,84963.515,8754550700.11990,0
2025-05-10 00:00:00.000,102941.9,105000.1,102784.0,104788.8,104384.537,2025-05-10 23:59:59.999,10820371034.86270,1979353,53276.115,5524151294.83320,0
2025-05-11 00:00:00.000,104788.8,104950.0,103283.3,104072.7,139136.421,2025-05-11 23:59:59.999,14486322662.42810,2552705,67115.638,6988278773.13640,0
2025-05-12 00:00:00.000,104072.7,105863.1,100678.0,102739.3,256542.699,2025-05-12 23:59:59.999,26551603069.14060,4171603,125366.635,12980428383.55140,0
2025-05-13 00:00:00.000,102739.3,104949.2,101400.0,104082.0,162368.328,2025-05-13 23:59:59.999,16783134050.12250,3009395,80743.479,8346771098.01060,0
2025-05-14 00:00:00.000,104082.0,104319.0,102536.0,103458.1,126264.097,2025-05-14 23:59:59.999,13068576865.37950,2289025,61671.893,6383482493.22300,0
2025-05-15 00:00:00.000,103458.1,104162.8,101270.8,103714.5,176344.106,2025-05-15 23:59:59.999,18109801387.15450,3256600,87513.730,8988229367.11750,0
2025-05-16 00:00:00.000,103714.2,104524.2,103062.3,103412.2,115513.049,2025-05-16 23:59:59.999,11990203384.41200,2303834,57430.060,5961446585.36130,0
2025-05-17 00:00:00.000,103412.2,103658.0,102541.6,103079.6,90372.669,2025-05-17 23:59:59.999,9316018419.61710,1899774,44461.160,4583342965.45960,0
2025-05-18 00:00:00.000,103079.5,106629.8,103052.2,106407.6,173224.284,2025-05-18 23:59:59.999,18124062039.31250,3286266,89890.052,9409858684.50560,0
2025-05-19 00:00:00.000,106407.5,107114.3,102038.8,105531.6,257825.604,2025-05-19 23:59:59.999,26840364600.38800,4455918,126416.817,13162993464.03480,0
2025-05-20 00:00:00.000,105531.5,107292.5,104115.2,106800.1,226187.246,2025-05-20 23:59:59.999,23924084086.07680,3940207,116062.335,12276681726.70150,0
2025-05-21 00:00:00.000,106800.0,110830.0,106037.9,109609.5,413589.854,2025-05-21 23:59:59.999,44576303267.82020,6189752,209506.079,22586385067.00680,0
2025-05-22 00:00:00.000,109609.6,111959.5,109153.4,111662.7,246067.033,2025-05-22 23:59:59.999,27295716075.30180,4612376,124614.990,13824511909.06290,0
2025-05-23 00:00:00.000,111662.6,111770.4,106721.9,107271.5,279480.347,2025-05-23 23:59:59.999,30543709259.44380,4943362,136446.687,14911670323.13490,0
2025-05-24 00:00:00.000,107271.6,109440.2,106836.0,107698.9,165158.758,2025-05-24 23:59:59.999,17895241893.06970,2838855,79136.430,8574692907.35950,0
2025-05-25 00:00:00.000,107699.0,109285.1,106497.0,108955.9,159465.803,2025-05-25 23:59:59.999,17159184232.00910,2938731,76863.251,8270758952.80130,0
2025-05-26 00:00:00.000,108956.0,110400.0,108616.6,109386.8,146992.22,2025-05-26 23:59:59.999,16103265896.33520,2776585,73695.689,8074191754.99520,0
2025-05-27 00:00:00.000,109386.8,110700.0,107438.0,108889.3,223599.905,2025-05-27 23:59:59.999,24452829099.86770,4065296,109504.224,11977737990.22880,0
2025-05-28 00:00:00.000,108889.2,109252.6,106723.9,107723.1,158417.759,2025-05-28 23:59:59.999,17119395349.87690,3009662,77490.091,8375382654.43620,0
2025-05-29 00:00:00.000,107723.1,108860.0,105054.2,105539.9,213101.255,2025-05-29 23:59:59.999,22850297579.77620,3867631,103190.568,11066419508.32050,0
2025-05-30 00:00:00.000,105539.9,106266.0,103555.0,103950.0,219701.302,2025-05-30 23:59:59.999,23083176001.57920,4162110,106922.492,11234606621.34920,0
2025-05-31 00:00:00.000,103949.9,104859.3,103032.1,104544.7,103607.84,2025-05-31 23:59:59.999,10771231013.72780,2173534,50579.791,5258359962.04280,0
2025-06-01 00:00:00.000,104544.6,105823.6,103704.1,105583.3,97420.24,2025-06-01 23:59:59.999,10189734693.27650,1959949,48780.478,5102309101.60380,0
2025-06-02 00:00:00.000,105583.3,105900.0,103600.6,105814.3,158252.918,2025-06-02 23:59:59.999,16568774033.57450,2994803,78240.684,8191502071.49220,0
2025-06-03 00:00:00.000,105814.4,106775.0,104822.4,105330.1,139216.007,2025-06-03 23:59:59.999,14728115908.78510,2606908,69730.139,7376563889.42070,0
2025-06-04 00:00:00.000,105330.1,105967.2,104111.7,104641.8,118534.125,2025-06-04 23:59:59.999,12459563151.84030,2227909,58621.741,6162868431.13100,0
2025-06-05 00:00:00.000,104641.8,105878.3,100305.1,101458.6,246238.674,2025-06-05 23:59:59.999,25426533952.98470,4120064,117166.339,12100737396.27560,0
2025-06-06 00:00:00.000,101458.7,105283.0,101003.4,104240.0,174300.906,2025-06-06 23:59:59.999,18075103218.60380,2910225,86445.603,8964620452.03240,0
2025-06-07 00:00:00.000,104240.1,105878.3,103800.1,105507.5,79833.173,2025-06-07 23:59:59.999,8393331490.52600,1510843,42203.459,4437639700.73160,0
2025-06-08 00:00:00.000,105507.5,106482.6,104927.4,105676.5,75105.104,2025-06-08 23:59:59.999,7939013396.43490,1397725,38745.874,4096542593.33560,0
2025-06-09 00:00:00.000,105676.5,110653.6,105253.2,110227.9,192956.409,2025-06-09 23:59:59.999,20800388814.92730,3206202,103642.886,11174929159.94160,0
2025-06-10 00:00:00.000,110228.0,110367.2,108282.0,110235.4,152216.974,2025-06-10 23:59:59.999,16647654303.54210,2781353,75668.024,8275759237.48930,0
2025-06-11 00:00:00.000,110235.4,110350.0,108001.2,108600.0,134422.321,2025-06-11 23:59:59.999,14691641846.56740,2592990,64951.236,7099898449.83420,0
2025-06-12 00:00:00.000,108600.1,108782.1,105602.0,105609.5,185790.19,2025-06-12 23:59:59.999,19916220925.27970,3320828,88829.222,9526203957.29660,0
2025-06-13 00:00:00.000,105609.4,106141.1,102614.0,106027.3,245935.413,2025-06-13 23:59:59.999,25704797377.64420,4731930,123623.272,12923131340.04480,0
2025-06-14 00:00:00.000,106027.3,106173.6,104225.4,105359.9,79911.57,2025-06-14 23:59:59.999,8391666383.15090,1612153,39484.266,4146393733.03950,0
2025-06-15 00:00:00.000,105359.8,106099.4,104399.9,105534.6,78819.399,2025-06-15 23:59:59.999,8299752647.86760,1615722,39480.384,4157719404.96150,0
2025-06-16 00:00:00.000,105534.7,108900.0,104920.0,106750.1,166813.219,2025-06-16 23:59:59.999,17887208567.03730,3134819,85153.473,9131175475.79720,0
2025-06-17 00:00:00.000,106750.1,107727.4,103300.0,104508.0,226051.863,2025-06-17 23:59:59.999,23808393905.42780,3970409,112258.832,11824212353.61190,0
2025-06-18 00:00:00.000,104508.0,105500.0,103426.1,104832.8,172706.399,2025-06-18 23:59:59.999,18052952724.87750,3219465,86108.275,9001683114.48410,0
2025-06-19 00:00:00.000,104832.8,105185.7,103870.3,104607.1,87710.605,2025-06-19 23:59:59.999,9170655647.46080,1606233,43107.754,4507096083.96640,0
2025-06-20 00:00:00.000,104607.1,106486.2,102255.3,103246.1,199102.135,2025-06-20 23:59:59.999,20795551830.70140,3108911,97416.104,10175736757.05390,0
2025-06-21 00:00:00.000,103246.1,103940.6,100789.9,102079.8,120771.35,2025-06-21 23:59:59.999,12390156115.48650,2033604,58453.589,5997353377.98720,0
2025-06-22 00:00:00.000,102079.8,103362.6,98115.4,100904.7,293562.636,2025-06-22 23:59:59.999,29530840749.92460,4876091,147071.521,14794588601.48750,0
2025-06-23 00:00:00.000,100904.7,106050.0,99547.6,105290.9,297222.041,2025-06-23 23:59:59.999,30424122122.16810,4717211,150465.011,15408831229.47700,0
2025-06-24 00:00:00.000,105291.0,106239.0,104570.8,106034.9,144449.887,2025-06-24 23:59:59.999,15211187542.82340,2565480,71801.201,7561432835.24900,0
2025-06-25 00:00:00.000,106034.9,108095.7,105755.6,107280.0,159277.823,2025-06-25 23:59:59.999,17055576325.51440,2665403,81148.885,8689450609.29510,0
2025-06-26 00:00:00.000,107280.1,108249.9,106500.0,106913.7,114433.386,2025-06-26 23:59:59.999,12286992617.72360,2181091,56752.074,6094349716.90750,0
2025-06-27 00:00:00.000,106913.8,107686.0,106313.1,107010.7,118637.45,2025-06-27 23:59:59.999,12685404247.20560,2005062,60117.113,6428393390.60140,0
2025-06-28 00:00:00.000,107010.6,107538.0,106767.0,107241.0,35670.419,2025-06-28 23:59:59.999,3824571878.03480,747193,18591.878,1993427515.91440,0
2025-06-29 00:00:00.000,107240.9,108499.0,107112.6,108309.8,79448.325,2025-06-29 23:59:59.999,8563401844.12150,1398904,41552.003,4478823238.76370,0
2025-06-30 00:00:00.000,108309.8,108783.9,106686.4,107087.4,114681.386,2025-06-30 23:59:59.999,12341253790.36460,1865096,55900.030,6016047519.27970,0
2025-07-01 00:00:00.000,107087.3,107499.9,105182.6,105637.9,120434.401,2025-07-01 23:59:59.999,12798966761.09810,2043731,58611.964,6229056079.21770,0
2025-07-02 00:00:00.000,105637.9,109690.4,105010.0,108800.0,177567.261,2025-07-02 23:59:59.999,19179636772.55860,2621458,92413.926,9983565784.40090,0
2025-07-03 00:00:00.000,108800.0,110484.0,108480.6,109545.2,141487.997,2025-07-03 23:59:59.999,15492329480.49310,2342574,73227.889,8018864064.81370,0
2025-07-04 00:00:00.000,109545.1,109732.3,107200.0,107935.4,132305.847,2025-07-04 23:59:59.999,14316422935.26060,1957162,64249.699,6952968511.71350,0
2025-07-05 00:00:00.000,107935.3,108368.1,107688.3,108153.4,36660.948,2025-07-05 23:59:59.999,3960654262.16640,734951,18462.029,1994707258.81600,0
2025-07-06 00:00:00.000,108153.4,109684.7,107743.4,109145.8,72388.603,2025-07-06 23:59:59.999,7864421489.32310,1278877,37107.026,4031820476.08090,0
2025-07-07 00:00:00.000,109145.8,109667.3,107456.0,108203.9,106397.578,2025-07-07 23:59:59.999,11536683412.63030,1788546,52139.045,5654097567.20250,0
2025-07-08 00:00:00.000,108203.9,109180.0,107400.0,108873.1,95156.027,2025-07-08 23:59:59.999,10320330229.27380,1658291,47448.078,5146117084.82510,0
2025-07-09 00:00:00.000,108873.2,112036.8,108273.5,111199.9,167834.731,2025-07-09 23:59:59.999,18458201635.89880,2548622,87925.103,9671703908.60700,0
2025-07-10 00:00:00.000,111199.8,117500.0,110432.2,115979.2,225570.213,2025-07-10 23:59:59.999,25573716456.37330,3420723,119208.753,13523225525.24890,0
2025-07-11 00:00:00.000,115979.2,118882.8,115186.7,117500.0,199819.357,2025-07-11 23:59:59.999,23468288934.00470,3481508,100784.694,11836216164.32290,0
2025-07-12 00:00:00.000,117500.0,118176.9,116862.4,117389.3,63722.472,2025-07-12 23:59:59.999,7488784312.84890,1330505,31394.033,3689856558.24850,0
2025-07-13 00:00:00.000,117389.4,119655.0,117164.3,119038.3,90052.381,2025-07-13 23:59:59.999,10670541370.91120,1810973,45809.831,5428490991.08780,0
2025-07-14 00:00:00.000,119038.3,123300.0,118862.6,119816.5,221556.12,2025-07-14 23:59:59.999,26804448428.88770,4034670,113834.673,13772358450.57520,0
2025-07-15 00:00:00.000,119816.5,119919.4,115678.1,117738.5,269977.446,2025-07-15 23:59:59.999,31656599892.94970,4738657,131447.500,15412735685.08970,0
2025-07-16 00:00:00.000,117738.6,120100.0,117017.1,118590.7,159165.948,2025-07-16 23:59:59.999,18903224038.52540,3160880,79673.550,9462555225.87890,0
2025-07-17 00:00:00.000,118590.7,120951.5,117412.8,119176.6,164274.401,2025-07-17 23:59:59.999,19529125659.90340,3301670,82532.264,9814512775.72370,0
2025-07-18 00:00:00.000,119176.5,120846.1,116788.9,117896.4,162246.906,2025-07-18 23:59:59.999,19250655213.59860,3368152,78772.030,9348607437.18440,0
2025-07-19 00:00:00.000,117896.5,118456.0,117245.9,117814.4,52531.193,2025-07-19 23:59:59.999,6197160791.54710,1248912,24526.721,2893580595.87020,0
2025-07-20 00:00:00.000,117814.3,118856.6,116370.1,117216.0,82380.582,2025-07-20 23:59:59.999,9710161747.26490,1751382,39522.257,4660078822.85560,0
2025-07-21 00:00:00.000,117216.1,119720.6,116454.1,117330.2,141885.848,2025-07-21 23:59:59.999,16757943321.43590,2862908,69570.765,8219105667.00040,0
2025-07-22 00:00:00.000,117330.2,120300.1,115865.0,119993.7,186832.45,2025-07-22 23:59:59.999,22133221784.42760,3400863,94591.193,11212737632.94700,0
2025-07-23 00:00:00.000,119993.7,120146.5,117250.0,118713.5,136986.897,2025-07-23 23:59:59.999,16199890830.64180,2483435,66612.552,7878868556.41790,0
2025-07-24 00:00:00.000,118713.4,119469.9,117050.2,118294.3,137377.613,2025-07-24 23:59:59.999,16275419265.94690,2566930,67494.798,7998311440.35440,0
2025-07-25 00:00:00.000,118294.4,118410.8,114667.3,117583.5,260386.754,2025-07-25 23:59:59.999,30217394710.21490,4482676,123156.442,14294237851.14940,0
2025-07-26 00:00:00.000,117583.4,118300.0,117114.2,117889.2,57218.604,2025-07-26 23:59:59.999,6739341628.41940,1160574,28458.148,3352360848.32190,0
2025-07-27 00:00:00.000,117889.3,119766.0,117800.8,119423.4,75978.959,2025-07-27 23:59:59.999,9021870261.93430,1528886,39269.357,4663033730.90000,0
2025-07-28 00:00:00.000,119423.5,119812.0,117388.0,118041.4,106712.329,2025-07-28 23:59:59.999,12646588023.95000,2373905,49363.385,5851265071.16470,0
2025-07-29 00:00:00.000,118041.5,119258.7,116923.0,117897.0,115263.463,2025-07-29 23:59:59.999,13605158270.34450,2551661,55053.068,6499896380.22710,0
2025-07-30 00:00:00.000,117897.1,118763.5,115700.0,117771.0,124917.857,2025-07-30 23:59:59.999,14671863277.40300,2695165,60858.794,7148296382.16450,0
2025-07-31 00:00:00.000,117771.1,118910.0,115373.9,115697.3,135037.467,2025-07-31 23:59:59.999,15883505625.63460,2653586,64854.642,7632959988.19830,0
2025-08-01 00:00:00.000,115697.3,116000.0,112660.0,113244.8,221282.099,2025-08-01 23:59:59.999,25374879723.77360,4671690,106416.826,12205698734.14290,0
2025-08-02 00:00:00.000,113244.8,114000.0,111910.0,112508.8,102459.448,2025-08-02 23:59:59.999,11582327925.57560,2253136,47169.224,5332165044.52070,0
2025-08-03 00:00:00.000,112508.8,114730.0,111850.0,114150.8,63183.869,2025-08-03 23:59:59.999,7180260356.76610,1586907,31097.096,3534100091.68050,0
2025-08-04 00:00:00.000,114150.9,115686.0,114053.8,115002.1,83328.591,2025-08-04 23:59:59.999,9566449201.05070,2122581,40432.436,4642286424.59960,0
2025-08-05 00:00:00.000,115002.1,115073.3,112582.4,114069.6,119316.428,2025-08-05 23:59:59.999,13578532103.25080,2692070,56631.208,6445877392.10480,0
2025-08-06 00:00:00.000,114069.6,115674.2,113304.5,114941.0,98598.67,2025-08-06 23:59:59.999,11289146520.59820,2207330,48509.767,5554848440.68140,0
2025-08-07 00:00:00.000,114941.0,117580.0,114211.4,117419.9,134409.055,2025-08-07 23:59:59.999,15603976236.92760,2477601,70320.817,8162960433.91320,0
2025-08-08 00:00:00.000,117419.9,117591.8,115850.0,116628.2,89828.611,2025-08-08 23:59:59.999,10476168967.77680,2041990,43852.502,5114363104.08760,0
2025-08-09 00:00:00.000,116628.2,117906.7,116304.0,116422.1,77924.534,2025-08-09 23:59:59.999,9109077804.53820,1513938,40145.588,4693361379.96370,0
2025-08-10 00:00:00.000,116422.1,119291.9,116413.2,119255.3,130331.779,2025-08-10 23:59:59.999,15402998283.64030,2420657,65839.952,7779415999.36120,0
2025-08-11 00:00:00.000,119255.3,122450.0,118050.0,118641.9,217088.254,2025-08-11 23:59:59.999,26140833129.32720,4260404,108472.648,13067526473.92270,0
2025-08-12 00:00:00.000,118641.8,120270.0,118154.3,120081.0,125708.555,2025-08-12 23:59:59.999,14984075258.14630,2609039,62783.535,7485321680.12820,0
2025-08-13 00:00:00.000,120080.9,123715.9,118829.0,123323.9,188073.873,2025-08-13 23:59:59.999,22796282824.22410,3654672,93301.574,11312196562.83800,0
2025-08-14 00:00:00.000,123323.9,124545.6,117004.0,118242.2,259801.57,2025-08-14 23:59:59.999,31188419054.09930,4770691,121538.327,14590183740.30540,0
2025-08-15 00:00:00.000,118242.2,119184.0,116736.3,117279.2,120542.357,2025-08-15 23:59:59.999,14214818128.97240,2714933,59281.350,6991379574.40840,0
2025-08-16 00:00:00.000,117279.1,117857.1,117089.7,117329.7,46674.42,2025-08-16 23:59:59.999,5485340879.19250,1042735,22363.887,2628326778.88380,0
2025-08-17 00:00:00.000,117329.8,118558.0,117121.6,117353.8,54386.804,2025-08-17 23:59:59.999,6411151083.02420,1143753,26068.765,3073122879.26020,0
2025-08-18 00:00:00.000,117353.9,117499.4,114605.0,116183.6,147219.779,2025-08-18 23:59:59.999,17039158070.22880,3078165,69088.986,7995299306.21840,0
2025-08-19 00:00:00.000,116183.6,116687.7,112666.6,112824.2,141024.287,2025-08-19 23:59:59.999,16131720046.58870,3133574,67997.774,7778182042.72960,0
2025-08-20 00:00:00.000,112824.1,114569.0,112301.8,114220.5,130522.37,2025-08-20 23:59:59.999,14819274146.38680,2930095,64879.793,7366865522.62610,0
2025-08-21 00:00:00.000,114220.5,114777.0,111944.0,112462.2,96406.356,2025-08-21 23:59:59.999,10907840294.14140,2397213,47004.863,5318559666.85120,0
2025-08-22 00:00:00.000,112462.2,117397.4,111625.9,116897.5,199447.977,2025-08-22 23:59:59.999,22883791440.70280,3835737,99642.896,11432576389.31770,0
2025-08-23 00:00:00.000,116897.5,116988.0,114510.0,115377.1,78419.415,2025-08-23 23:59:59.999,9054235281.62780,1536323,37863.987,4370908825.10670,0
2025-08-24 00:00:00.000,115377.1,115640.0,110484.0,113446.3,133388.002,2025-08-24 23:59:59.999,15148067971.34950,2638475,62689.861,7122684907.12930,0
2025-08-25 00:00:00.000,113446.2,113621.3,109219.8,110064.0,204839.785,2025-08-25 23:59:59.999,22818722034.33740,4182903,97227.324,10831873150.44210,0
2025-08-26 00:00:00.000,110064.1,112330.0,108559.7,111709.9,145041.438,2025-08-26 23:59:59.999,15983443440.89150,3465884,71412.185,7870638924.21600,0
2025-08-27 00:00:00.000,111710.0,112568.5,110306.9,111194.9,114205.122,2025-08-27 23:59:59.999,12739237648.64940,2613099,57009.686,6360193223.37450,0
2025-08-28 00:00:00.000,111194.9,113429.0,110811.0,112507.3,97630.277,2025-08-28 23:59:59.999,10988621821.80740,2252826,48243.477,5429943327.61280,0
2025-08-29 00:00:00.000,112507.3,112585.7,107411.4,108332.4,179725.172,2025-08-29 23:59:59.999,19688668760.05720,3720115,85606.138,9377659144.88230,0
2025-08-30 00:00:00.000,108332.4,108879.6,107281.0,108757.9,60656.883,2025-08-30 23:59:59.999,6572709736.31170,1397811,29582.419,3205457675.08640,0
2025-08-31 00:00:00.000,108758.0,109439.9,108021.0,108208.4,70149.546,2025-08-31 23:59:59.999,7626942442.61100,1474441,35849.920,3897678579.92970,0
2025-09-01 00:00:00.000,108208.4,109874.8,107211.5,109187.9,150280.626,2025-09-01 23:59:59.999,16311045147.88820,3269303,74557.088,8091073396.49200,0
2025-09-02 00:00:00.000,109187.9,111742.1,108333.0,111188.0,175961.356,2025-09-02 23:59:59.999,19401297224.94340,3533098,86748.838,9565971726.02780,0
2025-09-03 00:00:00.000,111187.9,112541.2,110486.9,111659.8,105504.421,2025-09-03 23:59:59.999,11770759661.80710,2363045,51862.786,5786444607.38720,0
2025-09-04 00:00:00.000,111659.7,112136.8,109269.1,110679.4,122300.369,2025-09-04 23:59:59.999,13516026898.71130,2639637,62399.713,6896231004.22840,0
2025-09-05 00:00:00.000,110679.5,113344.3,110153.3,110614.9,193375.404,2025-09-05 23:59:59.999,21608268964.65910,3788859,95520.119,10674991930.16650,0
2025-09-06 00:00:00.000,110614.8,111256.2,109850.0,110135.3,46282.516,2025-09-06 23:59:59.999,5113475710.49390,1043405,21535.745,2379550741.40790,0
2025-09-07 00:00:00.000,110135.2,111559.5,110120.5,111076.0,53840.584,2025-09-07 23:59:59.999,5973071292.84720,1136788,28108.634,3118159009.90870,0
2025-09-08 00:00:00.000,111075.5,112867.6,110566.5,112012.6,99117.859,2025-09-08 23:59:59.999,11088708293.00360,2062136,49613.319,5550460075.51340,0
2025-09-09 00:00:00.000,112012.7,113238.0,110714.9,111499.9,137275.133,2025-09-09 23:59:59.999,15364017571.64210,2548235,68008.526,7611454214.73440,0
2025-09-10 00:00:00.000,111499.9,114287.9,110855.8,113896.8,151901.539,2025-09-10 23:59:59.999,17159405921.20620,2703708,76254.320,8616216430.83320,0
2025-09-11 00:00:00.000,113896.8,115439.0,113340.7,115427.0,113066.078,2025-09-11 23:59:59.999,12912039322.46440,2206093,56557.547,6460867065.08830,0
2025-09-12 00:00:00.000,115427.0,116605.7,114681.5,115978.4,119013.718,2025-09-12 23:59:59.999,13753804629.95520,2321278,60349.365,6973899045.82500,0
2025-09-13 00:00:00.000,115978.4,116245.4,115032.0,115862.7,52529.59,2025-09-13 23:59:59.999,6078193412.40060,1198605,25258.142,2922871088.12560,0
2025-09-14 00:00:00.000,115862.7,116118.6,115057.0,115210.0,55087.99,2025-09-14 23:59:59.999,6368498171.51330,1196136,26632.938,3079192660.16290,0
2025-09-15 00:00:00.000,115210.0,116759.9,114338.5,115300.6,117911.279,2025-09-15 23:59:59.999,13585379833.82680,2531767,57329.104,6606034102.62620,0
2025-09-16 00:00:00.000,115300.5,116910.8,114600.0,116747.3,99446.184,2025-09-16 23:59:59.999,11513690825.04470,2144042,50112.816,5803047123.00280,0
2025-09-17 00:00:00.000,116747.3,117266.4,114623.3,116402.5,158125.07,2025-09-17 23:59:59.999,18348171466.35250,3267980,80225.096,9311626093.76270,0
2025-09-18 00:00:00.000,116402.6,117875.2,116033.5,117017.1,107215.717,2025-09-18 23:59:59.999,12568414009.01900,2327863,51390.531,6024588789.08760,0
2025-09-19 00:00:00.000,117017.1,117406.8,115049.9,115569.5,88151.649,2025-09-19 23:59:59.999,10241717036.89350,1845963,41905.847,4868815014.69980,0
2025-09-20 00:00:00.000,115569.6,116059.2,115343.0,115624.9,32355.678,2025-09-20 23:59:59.999,3744545955.47960,731518,14781.099,1710724205.75910,0
2025-09-21 00:00:00.000,115625.0,115778.0,115137.6,115183.9,32793.431,2025-09-21 23:59:59.999,3786613657.95650,825048,16745.946,1933772183.04190,0
2025-09-22 00:00:00.000,115183.9,115344.6,111469.2,112604.7,159461.568,2025-09-22 23:59:59.999,18039188972.42700,3419373,74182.157,8390032354.47240,0
2025-09-23 00:00:00.000,112604.7,113254.8,111405.1,111947.0,102258.264,2025-09-23 23:59:59.999,11494032424.46550,2460994,51960.799,5841363219.91060,0
2025-09-24 00:00:00.000,111947.0,113895.8,110935.0,113254.0,105314.096,2025-09-24 23:59:59.999,11879548716.19570,2384763,53413.185,6025971750.17650,0
2025-09-25 00:00:00.000,113253.9,113462.1,108574.1,108934.5,178663.741,2025-09-25 23:59:59.999,19825920968.74040,3988053,84186.240,9344320561.00550,0
2025-09-26 00:00:00.000,108934.6,110250.0,108566.0,109588.5,112277.659,2025-09-26 23:59:59.999,12272701459.17910,2904945,56155.899,6138347628.89490,0
2025-09-27 00:00:00.000,109588.5,109700.0,109021.9,109577.3,35871.924,2025-09-27 23:59:59.999,3923401762.55560,875737,17907.531,1958706422.63930,0
2025-09-28 00:00:00.000,109577.2,112300.0,109136.5,112119.6,77247.963,2025-09-28 23:59:59.999,8521046102.08860,1607459,39820.944,4392696394.15820,0
2025-09-29 00:00:00.000,112119.7,114377.2,111501.0,114257.1,125405.709,2025-09-29 23:59:59.999,14160916303.24030,2558792,63042.556,7119074227.58330,0
2025-09-30 00:00:00.000,114257.1,114800.0,112615.3,113988.8,119320.015,2025-09-30 23:59:59.999,13560972134.97250,2649460,60328.767,6856314456.88510,0
2025-10-01 00:00:00.000,113988.7,118631.8,113899.4,118552.4,172989.429,2025-10-01 23:59:59.999,20130425143.68280,3495797,91389.650,10636695052.05990,0
2025-10-02 00:00:00.000,118552.0,120999.0,118226.4,120481.3,145456.938,2025-10-02 23:59:59.999,17369682490.30870,3287990,75869.802,9060382748.58580,0
2025-10-03 00:00:00.000,120481.3,123900.0,119200.0,122182.7,167880.262,2025-10-03 23:59:59.999,20406510432.57450,3823032,86342.249,10498463327.60890,0
2025-10-04 00:00:00.000,122182.6,122781.1,121432.0,122343.2,70479.21,2025-10-04 23:59:59.999,8601963052.16530,1615003,34475.239,4208195407.63040,0
2025-10-05 00:00:00.000,122343.2,125877.3,122088.1,123426.7,162571.0,2025-10-05 23:59:59.999,20109937991.37640,3659205,83698.584,10355400613.06740,0
2025-10-06 00:00:00.000,123426.7,126208.5,123018.5,124628.5,140201.329,2025-10-06 23:59:59.999,17465215135.00390,3633703,69333.392,8639085715.03750,0
2025-10-07 00:00:00.000,124628.6,125098.0,120516.0,121286.5,181899.347,2025-10-07 23:59:59.999,22319390759.21490,4202005,86256.749,10587449140.45240,0
2025-10-08 00:00:00.000,121286.6,124170.6,121005.3,123237.5,127099.786,2025-10-08 23:59:59.999,15572092969.25540,3545539,66136.453,8102821498.20900,0
2025-10-09 00:00:00.000,123237.4,123740.1,119572.8,121579.3,163596.38,2025-10-09 23:59:59.999,19890276384.59020,3938201,76306.798,9277968956.93740,0
2025-10-10 00:00:00.000,121579.4,122497.0,101516.5,112714.9,391963.632,2025-10-10 23:59:59.999,45076825982.40170,8976844,181714.840,20904806013.97560,0
2025-10-11 00:00:00.000,112715.0,113300.1,109501.0,110579.1,163671.59,2025-10-11 23:59:59.999,18268163074.13440,4650728,73785.149,8236139351.94470,0
2025-10-12 00:00:00.000,110579.1,115730.3,109509.3,114894.4,217928.037,2025-10-12 23:59:59.999,24571794294.01690,5262712,108538.204,12235618148.23850,0
2025-10-13 00:00:00.000,114894.5,115912.0,113600.5,115111.9,195996.783,2025-10-13 23:59:59.999,22509504374.60670,4656609,95694.249,10990429088.48730,0
2025-10-14 00:00:00.000,115112.0,115360.2,109802.0,112983.8,259244.496,2025-10-14 23:59:59.999,29101159307.86630,5960214,125148.573,14046611774.70670,0
2025-10-15 00:00:00.000,112983.9,113576.1,110096.9,110699.0,131777.09,2025-10-15 23:59:59.999,14722103584.38900,4671881,64776.533,7236639640.38540,0
2025-10-16 00:00:00.000,110699.1,111960.0,107350.0,108129.4,193544.785,2025-10-16 23:59:59.999,21245415629.67210,6043222,93640.906,10281726978.35180,0
2025-10-17 00:00:00.000,108129.4,109199.8,103470.0,106378.6,242789.692,2025-10-17 23:59:59.999,25744733284.11270,6936137,119199.822,12639240551.22690,0
2025-10-18 00:00:00.000,106378.5,107452.6,106270.0,107117.5,68509.903,2025-10-18 23:59:59.999,7319254840.61800,2088885,32310.238,3452403390.31120,0
2025-10-19 00:00:00.000,107117.5,109399.9,106055.8,108586.2,113473.72,2025-10-19 23:59:59.999,12227415542.33710,3182090,57315.999,6175714778.14570,0
2025-10-20 00:00:00.000,108586.2,111650.0,107377.2,110469.9,139646.949,2025-10-20 23:59:59.999,15403876134.72180,4408575,68490.715,7554196161.50170,0
2025-10-21 00:00:00.000,110469.9,113940.0,107400.0,108253.7,241127.426,2025-10-21 23:59:59.999,26588100130.46520,6899664,118319.639,13041681888.79290,0
2025-10-22 00:00:00.000,108253.8,109160.0,106360.3,107532.0,180893.983,2025-10-22 23:59:59.999,19528248919.20560,5662544,92821.336,10022954942.19960,0
2025-10-23 00:00:00.000,107532.1,111240.0,107462.9,110025.9,129640.717,2025-10-23 23:59:59.999,14194391374.77400,4205445,63778.257,6983205780.05200,0
2025-10-24 00:00:00.000,110026.0,112086.0,109650.0,110965.4,110759.532,2025-10-24 23:59:59.999,12266995720.63840,3645127,54797.291,6069600111.87710,0
2025-10-25 00:00:00.000,110965.4,111903.9,110600.5,111589.4,45269.483,2025-10-25 23:59:59.999,5042907497.61250,1390771,22111.032,2463343649.89400,0
2025-10-26 00:00:00.000,111589.4,115521.7,111200.0,114497.8,97335.387,2025-10-26 23:59:59.999,11025832161.82450,2690149,50148.489,5681747977.36640,0
2025-10-27 00:00:00.000,114497.9,116380.2,113792.4,114064.1,118611.612,2025-10-27 23:59:59.999,13655124505.52050,3606096,57954.035,6673490539.72300,0
2025-10-28 00:00:00.000,114064.2,116074.3,112121.4,112833.5,131088.84,2025-10-28 23:59:59.999,14968353132.78990,3953418,64663.100,7384670851.87600,0
2025-10-29 00:00:00.000,112833.5,113593.0,109026.4,109985.6,163920.866,2025-10-29 23:59:59.999,18302671178.46350,4943718,78716.735,8791661211.28410,0
2025-10-30 00:00:00.000,109985.6,111565.1,106200.0,108263.5,205753.644,2025-10-30 23:59:59.999,22369109428.54780,6330320,100086.671,10882242367.71600,0
2025-10-31 00:00:00.000,108263.6,111233.0,108226.6,109557.3,152063.776,2025-10-31 23:59:59.999,16683797487.54000,4790937,78106.793,8570620336.73030,0
2025-11-01 00:00:00.000,109557.2,110557.0,109351.5,110047.2,41614.221,2025-11-01 23:59:59.999,4579668770.18990,1492868,21133.219,2325832045.63770,0
2025-11-02 00:00:00.000,110047.3,111216.0,109368.9,110494.9,61109.173,2025-11-02 23:59:59.999,6744087828.22750,2070247,29327.591,3237152488.59100,0
2025-11-03 00:00:00.000,110494.9,110711.0,105300.0,106544.0,174258.047,2025-11-03 23:59:59.999,18689862800.36290,5811945,85160.531,9132874748.49100,0
2025-11-04 00:00:00.000,106544.0,107271.9,98888.8,101450.3,281742.16,2025-11-04 23:59:59.999,28973193334.59770,8565646,135745.298,13963735714.40830,0
2025-11-05 00:00:00.000,101450.2,104497.6,98909.7,103837.0,167770.094,2025-11-05 23:59:59.999,17127717826.93930,6086022,85269.272,8705829237.45250,0
2025-11-06 00:00:00.000,103837.0,104210.2,100238.4,101305.6,145029.821,2025-11-06 23:59:59.999,14822272935.66690,5320926,72992.587,7459084026.75040,0
2025-11-07 00:00:00.000,101305.6,104070.7,99200.0,103305.2,163967.458,2025-11-07 23:59:59.999,16618226412.99920,5603055,80661.296,8177204667.15750,0
2025-11-08 00:00:00.000,103305.3,103373.8,101400.1,102269.3,70691.949,2025-11-08 23:59:59.999,7229449979.50400,2559208,33026.898,3377832915.03430,0
2025-11-09 00:00:00.000,102269.3,105440.0,101300.0,104670.6,92367.67,2025-11-09 23:59:59.999,9539326599.96350,3231981,48113.344,4969753127.35830,0
2025-11-10 00:00:00.000,104670.7,106666.0,104205.9,105966.3,120403.538,2025-11-10 23:59:59.999,12736544297.33280,4212652,58544.195,6193456036.56970,0
2025-11-11 00:00:00.000,105966.3,107473.7,102400.0,103005.8,132603.774,2025-11-11 23:59:59.999,13877840027.72050,4760215,64447.961,6747067917.61450,0
2025-11-12 00:00:00.000,103005.8,105297.0,100711.0,101605.8,140876.276,2025-11-12 23:59:59.999,14516821988.27840,4703500,69539.370,7165597522.80570,0
2025-11-13 00:00:00.000,101605.8,104024.6,97959.0,99654.3,236046.799,2025-11-13 23:59:59.999,23845056328.86440,7282484,117795.946,11901855797.97500,0
2025-11-14 00:00:00.000,99654.3,99862.8,93955.0,94544.9,287072.783,2025-11-14 23:59:59.999,27699919078.66390,9131756,135755.023,13096421781.01650,0
2025-11-15 00:00:00.000,94544.9,96800.0,94523.9,95560.3,90220.319,2025-11-15 23:59:59.999,8648839692.43750,3291291,47203.247,4524772600.93300,0
2025-11-16 00:00:00.000,95560.4,96600.0,92922.8,94221.7,135749.509,2025-11-16 23:59:59.999,12858824611.90570,4603648,65150.480,6173742396.48060,0
2025-11-17 00:00:00.000,94221.7,96012.2,91250.0,92169.7,205161.285,2025-11-17 23:59:59.999,19251468313.78950,6449728,98027.621,9200451323.27600,0
2025-11-18 00:00:00.000,92169.8,93799.1,89012.0,92916.9,232691.156,2025-11-18 23:59:59.999,21287650102.19710,7177907,113786.482,10415481419.46530,0
2025-11-19 00:00:00.000,92916.8,92944.8,88564.4,91508.9,226438.45,2025-11-19 23:59:59.999,20531646468.19530,6320482,111594.868,10117818980.80150,0
2025-11-20 00:00:00.000,91509.0,93150.0,86066.6,86601.3,276513.027,2025-11-20 23:59:59.999,24710128018.04120,7702513,133430.073,11927440607.57410,0
2025-11-21 00:00:00.000,86601.4,87465.4,80600.0,85093.5,449804.324,2025-11-21 23:59:59.999,37766204535.20640,12106325,213915.687,17962180053.01720,0
2025-11-22 00:00:00.000,85093.6,85599.9,83456.0,84689.4,94197.055,2025-11-22 23:59:59.999,7944941195.96230,3300973,46882.408,3954513677.78380,0
2025-11-23 00:00:00.000,84689.4,88100.0,84622.0,86807.7,138930.073,2025-11-23 23:59:59.999,12021965924.51500,3866798,69195.248,5988281050.72830,0
2025-11-24 00:00:00.000,86807.6,89177.3,85226.4,88247.1,211113.332,2025-11-24 23:59:59.999,18390268446.53960,5760868,103430.099,9011124358.86840,0
2025-11-25 00:00:00.000,88247.1,88477.6,86061.1,87324.1,149637.655,2025-11-25 23:59:59.999,13058119938.88090,3934906,72724.940,6347967246.03690,0
2025-11-26 00:00:00.000,87324.1,90655.4,86260.9,90438.1,159146.533,2025-11-26 23:59:59.999,14035931374.22260,3774838,77838.103,6867895385.23140,0
2025-11-27 00:00:00.000,90438.0,91931.9,90024.4,91292.2,113685.232,2025-11-27 23:59:59.999,10363381065.75950,2798316,55922.730,5097906484.56030,0
2025-11-28 00:00:00.000,91292.2,93080.0,90155.0,90847.8,146920.347,2025-11-28 23:59:59.999,13439159085.59290,3370293,74510.662,6816775836.85460,0
2025-11-29 00:00:00.000,90847.8,91130.0,90092.7,90765.0,54196.679,2025-11-29 23:59:59.999,4912678291.21220,1422265,26455.920,2398702136.52940,0
2025-11-30 00:00:00.000,90764.9,91934.4,90300.0,90320.6,66139.718,2025-11-30 23:59:59.999,6030481989.37400,1670692,33556.305,3060587530.45730,0
2025-12-01 00:00:00.000,90320.5,90396.9,83786.0,86241.6,296847.166,2025-12-01 23:59:59.999,25577924246.47960,6767987,147776.477,12724515613.28480,0
2025-12-02 00:00:00.000,86241.5,92273.2,86140.1,91249.1,228101.165,2025-12-02 23:59:59.999,20398018617.27610,5320367,115973.460,10368494171.19870,0
2025-12-03 00:00:00.000,91249.1,94185.0,90954.8,93376.7,201298.317,2025-12-03 23:59:59.999,18675815044.30440,5434938,101728.674,9440036623.04580,0
2025-12-04 00:00:00.000,93376.8,94040.0,90822.5,92034.7,146772.427,2025-12-04 23:59:59.999,13597441409.69190,4163902,71951.305,6667329541.12330,0
2025-12-05 00:00:00.000,92034.7,92665.5,87976.3,89288.5,179125.057,2025-12-05 23:59:59.999,16166343889.04620,4515304,88584.311,7995926556.41310,0
2025-12-06 00:00:00.000,89288.6,90257.3,88870.1,89197.1,56826.867,2025-12-06 23:59:59.999,5087173918.79450,1591701,27767.199,2486142416.43780,0
2025-12-07 00:00:00.000,89197.1,91722.0,87688.0,90345.4,129592.005,2025-12-07 23:59:59.999,11615722866.77670,3338858,66100.060,5924783029.45390,0
2025-12-08 00:00:00.000,90345.4,92262.6,89553.8,90610.8,152474.739,2025-12-08 23:59:59.999,13851183299.03890,4053719,75932.690,6898494855.95690,0
2025-12-09 00:00:00.000,90610.8,94555.0,89368.9,92638.4,181930.263,2025-12-09 23:59:59.999,16746767484.46780,4479556,91703.897,8446337566.96070,0
2025-12-10 00:00:00.000,92638.3,94443.7,91520.0,91977.5,160488.78,2025-12-10 23:59:59.999,14848606099.67050,4232140,78008.191,7219031219.02090,0
2025-12-11 00:00:00.000,91977.5,93547.3,89200.0,92477.5,191148.068,2025-12-11 23:59:59.999,17359221855.95210,4805321,94016.625,8539381998.80380,0
2025-12-12 00:00:00.000,92477.6,92719.0,89429.0,90229.6,144844.11,2025-12-12 23:59:59.999,13200125050.18820,3756406,70171.626,6394111063.25650,0
2025-12-13 00:00:00.000,90229.7,90599.0,89711.9,90191.3,36237.733,2025-12-13 23:59:59.999,3269571102.33410,932723,17479.460,1577183376.28970,0
2025-12-14 00:00:00.000,90191.3,90440.0,87504.3,88118.8,92086.654,2025-12-14 23:59:59.999,8202472245.43010,2328828,42720.264,3805644073.48840,0
2025-12-15 00:00:00.000,88118.8,89972.4,85073.0,86389.9,194216.045,2025-12-15 23:59:59.999,17011925792.43250,4934375,94430.912,8272115736.19140,0
2025-12-16 00:00:00.000,86390.0,88143.9,85226.0,87826.3,142225.048,2025-12-16 23:59:59.999,12361523043.79640,4227432,70313.060,6113438681.89170,0
2025-12-17 00:00:00.000,87826.3,90363.2,85261.3,86201.6,208646.748,2025-12-17 23:59:59.999,18228465804.62130,5781931,105691.482,9233349207.38850,0
2025-12-18 00:00:00.000,86201.6,89447.9,84408.6,85469.7,229573.679,2025-12-18 23:59:59.999,19944082984.39680,6086801,114728.003,9969623749.29850,0
2025-12-19 00:00:00.000,85469.8,89374.6,85062.7,88100.0,178284.494,2025-12-19 23:59:59.999,15617337797.65270,5034312,90542.953,7932688826.59740,0
2025-12-20 00:00:00.000,88100.0,88551.8,87698.5,88320.8,35973.848,2025-12-20 23:59:59.999,3171782778.23740,923871,18260.294,1610228535.35120,0
2025-12-21 00:00:00.000,88320.7,89050.0,87548.5,88621.3,67624.388,2025-12-21 23:59:59.999,5968133891.81960,1874966,32712.868,2887602454.75500,0
2025-12-22 00:00:00.000,88621.3,90599.0,87845.0,88581.5,154693.469,2025-12-22 23:59:59.999,13801598552.25260,4180747,77898.364,6951347714.12610,0
2025-12-23 00:00:00.000,88581.5,88904.9,86536.0,87463.0,133657.948,2025-12-23 23:59:59.999,11714876769.24630,3476009,64852.617,5685542045.10420,0
2025-12-24 00:00:00.000,87463.1,88033.3,86355.0,87627.3,81543.508,2025-12-24 23:59:59.999,7107553239.53790,2265487,40807.967,3557644789.48520,0
2025-12-25 00:00:00.000,87627.4,88594.0,86902.1,87182.8,57796.252,2025-12-25 23:59:59.999,5072600548.96330,1544627,27827.130,2442856595.03640,0
2025-12-26 00:00:00.000,87182.8,89557.6,86619.9,87318.2,149971.737,2025-12-26 23:59:59.999,13204732310.09800,3606967,76191.941,6707636492.37970,0
2025-12-27 00:00:00.000,87318.3,87956.9,87203.0,87829.4,27294.109,2025-12-27 23:59:59.999,2388675294.68000,702865,13546.965,1185724776.12080,0
2025-12-28 00:00:00.000,87829.5,88078.3,87402.6,87920.5,37359.964,2025-12-28 23:59:59.999,3278205503.95700,886145,19229.166,1687448428.57950,0
2025-12-29 00:00:00.000,87920.4,90373.4,86760.0,87203.3,190004.209,2025-12-29 23:59:59.999,16787751031.79450,3903591,95283.174,8416033696.75150,0
2025-12-30 00:00:00.000,87203.2,89355.0,86789.0,88455.3,126745.26,2025-12-30 23:59:59.999,11172280215.55080,2751660,62853.527,5540336897.81150,0
