open_time,open,high,low,close,volume,close_time,quote_asset_volume,num_trades,taker_buy_base_volume,taker_buy_quote_volume,ignore
2024-01-01 00:00:00.000,2283.84,2354.95,2266.67,2354.62,1658563.418,2024-01-01 23:59:59.999,3833607643.67903,1694881,844668.997,1952994085.90657,0
2024-01-02 00:00:00.000,2354.63,2434.49,2335.0,2356.93,3376173.73,2024-01-02 23:59:59.999,8044076762.32824,3261710,1663317.071,3964080369.09200,0
2024-01-03 00:00:00.000,2356.92,2387.48,2067.16,2210.39,4996919.678,2024-01-03 23:59:59.999,11247346123.69518,4672877,2361194.588,5316498482.47451,0
2024-01-04 00:00:00.000,2210.39,2295.55,2202.1,2267.85,2512800.256,2024-01-04 23:59:59.999,5657915952.55511,2713751,1251138.628,2817833669.84854,0
2024-01-05 00:00:00.000,2267.85,2278.16,2206.0,2268.93,2640741.967,2024-01-05 23:59:59.999,5923620087.33033,2917958,1306889.001,2931697194.21693,0
2024-01-06 00:00:00.000,2268.92,2270.34,2215.56,2240.36,1201310.744,2024-01-06 23:59:59.999,2691373219.47519,1575059,588826.987,1319137639.47041,0
2024-01-07 00:00:00.000,2240.36,2257.98,2201.06,2220.87,1609796.697,2024-01-07 23:59:59.999,3600489002.36785,1927429,785012.985,1756032817.61605,0
2024-01-08 00:00:00.000,2220.87,2359.63,2165.43,2331.11,3478939.516,2024-01-08 23:59:59.999,7863706854.16690,3995669,1752179.104,3962436923.55933,0
2024-01-09 00:00:00.000,2331.12,2377.36,2222.44,2344.44,4370510.933,2024-01-09 23:59:59.999,10039664919.16545,4815580,2169557.040,4984959602.11133,0
2024-01-10 00:00:00.000,2344.33,2645.65,2336.28,2585.82,7740895.596,2024-01-10 23:59:59.999,18922026567.58447,8220834,3906703.454,9551421624.39738,0
2024-01-11 00:00:00.000,2585.81,2691.9,2565.69,2618.59,5161427.019,2024-01-11 23:59:59.999,13515735771.84295,6580830,2560104.573,6705295939.41637,0
2024-01-12 00:00:00.000,2618.6,2719.89,2458.38,2523.3,6484996.966,2024-01-12 23:59:59.999,16931186211.05264,7491478,3207075.547,8378289400.00684,0
2024-01-13 00:00:00.000,2523.3,2591.29,2497.79,2578.5,2509197.587,2024-01-13 23:59:59.999,6396752318.68130,3435962,1250328.990,3187901268.72509,0
2024-01-14 00:00:00.000,2578.51,2579.13,2470.0,2474.36,2126298.888,2024-01-14 23:59:59.999,5377127058.63416,2844015,1030119.982,2605581030.25596,0
2024-01-15 00:00:00.000,2474.3,2555.0,2472.04,2512.21,1818558.839,2024-01-15 23:59:59.999,4582971876.58271,2769584,900709.545,2269735533.33003,0
2024-01-16 00:00:00.000,2512.2,2613.8,2500.0,2587.4,2456630.069,2024-01-16 23:59:59.999,6264614166.95275,3431803,1217717.221,3105496591.03239,0
2024-01-17 00:00:00.000,2587.4,2593.01,2505.76,2530.62,2299529.287,2024-01-17 23:59:59.999,5861698853.57950,3138244,1139860.101,2905501276.98739,0
2024-01-18 00:00:00.000,2530.61,2549.99,2428.22,2471.29,2928749.65,2024-01-18 23:59:59.999,7309579149.43542,3725950,1405569.978,3509064047.39776,0
2024-01-19 00:00:00.000,2471.29,2505.16,2415.55,2492.46,2594474.775,2024-01-19 23:59:59.999,6404258356.95563,3421545,1285716.188,3173951338.78877,0
2024-01-20 00:00:00.000,2492.46,2492.46,2453.79,2472.27,938896.162,2024-01-20 23:59:59.999,2321269007.36401,1280394,457646.322,1131445899.51985,0
2024-01-21 00:00:00.000,2472.26,2482.7,2451.0,2457.02,708291.369,2024-01-21 23:59:59.999,1750600706.66527,1031485,346886.488,857430588.03018,0
2024-01-22 00:00:00.000,2457.02,2466.46,2302.21,2314.33,3645112.961,2024-01-22 23:59:59.999,8673726491.18901,4445987,1735853.574,4131651730.55922,0
2024-01-23 00:00:00.000,2314.33,2351.76,2167.5,2241.67,4379161.194,2024-01-23 23:59:59.999,9796897099.56964,4729158,2123892.817,4750275811.08500,0
2024-01-24 00:00:00.000,2241.67,2264.44,2195.0,2234.62,2256073.0,2024-01-24 23:59:59.999,5029982840.98715,2865311,1115253.155,2486611241.73123,0
2024-01-25 00:00:00.000,2234.62,2242.55,2169.04,2218.02,2082826.704,2024-01-25 23:59:59.999,4606164128.97297,2790959,1045420.626,2312102672.07559,0
2024-01-26 00:00:00.000,2218.01,2281.96,2195.15,2266.72,2261609.947,2024-01-26 23:59:59.999,5072599984.48894,2890039,1139833.371,2557000261.48137,0
2024-01-27 00:00:00.000,2266.73,2283.35,2250.33,2266.99,944833.561,2024-01-27 23:59:59.999,2141771562.52407,1386577,457481.418,1037017163.31208,0
2024-01-28 00:00:00.000,2267.0,2308.0,2236.56,2256.0,1596669.122,2024-01-28 23:59:59.999,3632645831.61376,2059388,793452.980,1805730731.27378,0
2024-01-29 00:00:00.000,2256.0,2322.53,2232.0,2316.52,1959261.39,2024-01-29 23:59:59.999,4461192290.02723,2555972,988538.054,2251428131.14256,0
2024-01-30 00:00:00.000,2316.53,2392.84,2295.1,2341.95,2383935.871,2024-01-30 23:59:59.999,5568693641.04369,2836460,1185331.421,2769700488.82839,0
2024-01-31 00:00:00.000,2341.96,2351.23,2261.88,2282.0,2607909.368,2024-01-31 23:59:59.999,6035736969.81903,3194972,1252025.507,2898049726.19403,0
2024-02-01 00:00:00.000,2281.99,2311.51,2237.0,2303.33,1894237.423,2024-02-01 23:59:59.999,4317833942.98259,2337968,940435.700,2144163976.72759,0
2024-02-02 00:00:00.000,2303.32,2324.9,2280.05,2307.99,1514215.851,2024-02-02 23:59:59.999,3488673055.88872,1806684,740719.858,1706901374.01972,0
2024-02-03 00:00:00.000,2308.0,2330.45,2291.0,2295.42,938282.273,2024-02-03 23:59:59.999,2167201213.34462,1257148,458900.307,1060111233.37669,0
2024-02-04 00:00:00.000,2295.41,2311.0,2261.51,2288.66,1193801.655,2024-02-04 23:59:59.999,2738353319.06096,1419294,591695.545,1357444503.88394,0
2024-02-05 00:00:00.000,2288.66,2338.0,2267.62,2300.83,1689233.364,2024-02-05 23:59:59.999,3893676970.00040,2078381,845736.765,1949440827.30549,0
2024-02-06 00:00:00.000,2300.83,2392.0,2297.74,2371.74,2197507.85,2024-02-06 23:59:59.999,5141782514.24530,2430191,1111689.083,2601215214.31397,0
2024-02-07 00:00:00.000,2371.74,2445.0,2352.06,2424.22,2154502.953,2024-02-07 23:59:59.999,5154911271.52630,2471783,1114433.769,2667509239.44873,0
2024-02-08 00:00:00.000,2424.21,2463.28,2410.16,2418.76,1910078.832,2024-02-08 23:59:59.999,4642887417.74590,2217113,956418.231,2325010419.94426,0
2024-02-09 00:00:00.000,2418.77,2528.66,2418.26,2485.24,2908524.98,2024-02-09 23:59:59.999,7221137099.98160,3133698,1501618.269,3727946811.93077,0
2024-02-10 00:00:00.000,2485.24,2516.12,2470.04,2499.2,1320062.188,2024-02-10 23:59:59.999,3292566689.23550,1716115,653832.073,1630878042.61357,0
2024-02-11 00:00:00.000,2499.2,2539.2,2492.16,2506.1,1521963.675,2024-02-11 23:59:59.999,3827876646.36733,1929008,758995.414,1909046292.27716,0
2024-02-12 00:00:00.000,2506.11,2667.74,2470.05,2660.91,3172400.237,2024-02-12 23:59:59.999,8120720968.59546,3544051,1633357.145,4181772157.14950,0
2024-02-13 00:00:00.000,2660.91,2688.8,2585.7,2640.83,3319971.574,2024-02-13 23:59:59.999,8773950694.90412,3813884,1619317.263,4280437980.11422,0
2024-02-14 00:00:00.000,2640.88,2788.88,2619.12,2776.14,2845619.643,2024-02-14 23:59:59.999,7757923313.03780,3605673,1446039.416,3941589820.09537,0
2024-02-15 00:00:00.000,2776.14,2870.98,2758.57,2824.54,3444416.851,2024-02-15 23:59:59.999,9686287863.61306,4121791,1720609.450,4839107997.21499,0
2024-02-16 00:00:00.000,2824.53,2859.83,2732.7,2803.69,2736822.77,2024-02-16 23:59:59.999,7688936547.61237,3546446,1334258.505,3749502339.80720,0
2024-02-17 00:00:00.000,2803.7,2806.09,2718.35,2787.43,1776912.75,2024-02-17 23:59:59.999,4921403820.66918,2425610,867334.213,2402424588.03441,0
2024-02-18 00:00:00.000,2787.44,2899.0,2764.8,2883.58,2111668.519,2024-02-18 23:59:59.999,5959314932.20575,2842195,1066928.683,3012148987.69328,0
2024-02-19 00:00:00.000,2883.56,2988.22,2856.4,2946.55,2893244.938,2024-02-19 23:59:59.999,8446450558.41116,3965210,1458569.963,4258638335.09884,0
2024-02-20 00:00:00.000,2946.55,3036.83,2873.6,3017.21,4598117.415,2024-02-20 23:59:59.999,13548620086.74358,5271820,2281291.017,6724949654.32074,0
2024-02-21 00:00:00.000,3017.22,3020.0,2867.87,2969.65,4069738.764,2024-02-21 23:59:59.999,11926830767.65694,4999251,1977341.585,5794809491.71332,0
2024-02-22 00:00:00.000,2969.65,3044.0,2907.16,2972.8,4052804.255,2024-02-22 23:59:59.999,12075046482.40620,4886162,2024869.093,6034189384.13521,0
2024-02-23 00:00:00.000,2972.8,2996.0,2906.62,2923.35,2501284.482,2024-02-23 23:59:59.999,7359220940.31807,3629465,1218093.494,3584082370.79459,0
2024-02-24 00:00:00.000,2923.36,3009.29,2907.16,2994.39,1450354.218,2024-02-24 23:59:59.999,4298585233.05027,2163161,742581.241,2201590520.20801,0
2024-02-25 00:00:00.000,2994.39,3131.0,2985.23,3115.24,2955696.567,2024-02-25 23:59:59.999,9030291053.95802,3673836,1533677.301,4686944083.66674,0
2024-02-26 00:00:00.000,3115.24,3200.0,3037.25,3178.6,3828384.516,2024-02-26 23:59:59.999,11945080186.58809,4713313,1911717.272,5966420255.59207,0
2024-02-27 00:00:00.000,3178.6,3295.57,3168.29,3244.98,3406593.01,2024-02-27 23:59:59.999,11048069693.76326,4735324,1722620.436,5587133028.14167,0
2024-02-28 00:00:00.000,3244.99,3502.07,3152.94,3387.07,6595638.084,2024-02-28 23:59:59.999,22006158170.23106,7921243,3297615.896,11006246740.80201,0
2024-02-29 00:00:00.000,3387.07,3531.0,3300.39,3343.15,4741266.907,2024-02-29 23:59:59.999,16279675952.14628,7017190,2283728.285,7843834554.75515,0
2024-03-01 00:00:00.000,3343.16,3456.0,3342.18,3435.82,2297074.999,2024-03-01 23:59:59.999,7831386723.62750,3983525,1132996.200,3862930172.98764,0
2024-03-02 00:00:00.000,3435.83,3475.0,3390.0,3424.43,1386240.615,2024-03-02 23:59:59.999,4749632563.43359,2634935,669278.381,2293379845.96483,0
2024-03-03 00:00:00.000,3424.43,3496.78,3355.88,3491.77,1889236.536,2024-03-03 23:59:59.999,6486743244.58064,3318252,930495.162,3195808982.71697,0
2024-03-04 00:00:00.000,3491.78,3644.77,3420.22,3629.72,3908128.352,2024-03-04 23:59:59.999,13818014096.46304,6031545,1931821.096,6833016856.48748,0
2024-03-05 00:00:00.000,3629.72,3827.93,3205.0,3555.43,8430806.942,2024-03-05 23:59:59.999,30468306760.34760,9555880,4082002.679,14766389824.41837,0
2024-03-06 00:00:00.000,3555.43,3906.42,3501.0,3822.36,4970650.254,2024-03-06 23:59:59.999,18750612857.70527,6774634,2483076.798,9368318606.74118,0
2024-03-07 00:00:00.000,3822.35,3939.0,3736.44,3871.69,2852543.201,2024-03-07 23:59:59.999,10911337953.45516,4469723,1421816.614,5440145677.44488,0
2024-03-08 00:00:00.000,3871.69,4003.33,3826.08,3886.04,3605867.534,2024-03-08 23:59:59.999,14152008425.22743,5126791,1788755.241,7021420325.48132,0
2024-03-09 00:00:00.000,3886.04,3945.88,3871.46,3908.15,1056996.982,2024-03-09 23:59:59.999,4132818940.47502,1918674,518986.179,2029221286.24806,0
2024-03-10 00:00:00.000,3908.16,3970.84,3791.19,3881.22,1817977.804,2024-03-10 23:59:59.999,7102403722.42690,3069450,876725.436,3425764449.49334,0
2024-03-11 00:00:00.000,3881.32,4095.16,3719.0,4070.52,3797267.73,2024-03-11 23:59:59.999,15103305759.78546,5434980,1869389.388,7437209735.14596,0
2024-03-12 00:00:00.000,4070.52,4098.64,3831.95,3984.18,3641750.754,2024-03-12 23:59:59.999,14508632314.86478,5413638,1784305.729,7110342008.25455,0
2024-03-13 00:00:00.000,3984.18,4091.65,3935.0,4008.76,2445801.499,2024-03-13 23:59:59.999,9809630177.94620,4055227,1196931.390,4801111303.17637,0
2024-03-14 00:00:00.000,4008.76,4015.45,3725.03,3884.99,3822719.006,2024-03-14 23:59:59.999,14848753489.47771,5504684,1842385.705,7157548210.64813,0
2024-03-15 00:00:00.000,3884.99,3938.16,3566.0,3745.0,5393474.72,2024-03-15 23:59:59.999,20014921950.22168,7481037,2659178.114,9871786209.51283,0
2024-03-16 00:00:00.000,3745.01,3784.87,3468.84,3525.58,2737209.353,2024-03-16 23:59:59.999,9957942394.06776,4504950,1329993.422,4840536697.48032,0
2024-03-17 00:00:00.000,3525.57,3682.95,3414.72,3646.99,2757553.884,2024-03-17 23:59:59.999,9814353456.64519,4396192,1371848.358,4883233627.57110,0
2024-03-18 00:00:00.000,3646.99,3648.78,3454.72,3523.43,2802619.048,2024-03-18 23:59:59.999,9962049261.21333,4956817,1370810.127,4872365142.69938,0
2024-03-19 00:00:00.000,3523.44,3551.99,3153.0,3161.0,5894325.453,2024-03-19 23:59:59.999,19521481713.99768,8260303,2843403.624,9417596513.66962,0
2024-03-20 00:00:00.000,3160.99,3539.16,3055.0,3517.8,7145176.265,2024-03-20 23:59:59.999,23415379367.17450,8856290,3549119.587,11641040676.80881,0
2024-03-21 00:00:00.000,3517.8,3590.53,3414.06,3495.16,3449349.457,2024-03-21 23:59:59.999,12105423292.09032,5654816,1705967.223,5988368744.97908,0
2024-03-22 00:00:00.000,3495.16,3545.36,3250.1,3339.0,3850579.18,2024-03-22 23:59:59.999,13035377951.76805,5694593,1849192.957,6263193726.91232,0
2024-03-23 00:00:00.000,3338.99,3438.0,3271.38,3330.96,2065343.895,2024-03-23 23:59:59.999,6949919666.04788,3317963,1019216.790,3430871101.77939,0
2024-03-24 00:00:00.000,3330.96,3474.16,3301.46,3457.16,1864567.712,2024-03-24 23:59:59.999,6297063059.58874,3160988,951313.217,3213756000.76092,0
2024-03-25 00:00:00.000,3457.16,3665.1,3422.18,3592.94,2530891.112,2024-03-25 23:59:59.999,8954272773.21119,4491164,1277883.278,4523017076.63006,0
2024-03-26 00:00:00.000,3592.94,3684.45,3545.63,3589.64,2433410.106,2024-03-26 23:59:59.999,8786304757.96774,4213030,1223977.911,4420549973.21663,0
2024-03-27 00:00:00.000,3589.65,3671.94,3461.18,3504.99,2908597.17,2024-03-27 23:59:59.999,10352080808.70646,4600863,1428362.764,5083943019.76981,0
2024-03-28 00:00:00.000,3504.99,3615.83,3466.97,3563.99,1971184.35,2024-03-28 23:59:59.999,7017608937.73292,3444936,979852.018,3488437304.50240,0
2024-03-29 00:00:00.000,3564.0,3588.93,3475.0,3512.46,1730640.148,2024-03-29 23:59:59.999,6112211894.03871,2876273,841754.164,2973486773.99292,0
2024-03-30 00:00:00.000,3512.47,3569.97,3486.51,3508.66,1258779.458,2024-03-30 23:59:59.999,4433539602.80039,2148077,619519.703,2181909120.37586,0
2024-03-31 00:00:00.000,3508.66,3661.08,3507.39,3648.79,1535402.07,2024-03-31 23:59:59.999,5541965437.87304,2372967,797586.842,2878299574.24737,0
2024-04-01 00:00:00.000,3648.8,3649.67,3413.0,3506.52,2754500.509,2024-04-01 23:59:59.999,9690877424.55129,3885762,1309151.231,4605795640.23593,0
2024-04-02 00:00:00.000,3506.52,3508.44,3212.0,3280.76,3971713.064,2024-04-02 23:59:59.999,13191687525.92359,5398400,1864872.104,6194688078.61069,0
2024-04-03 00:00:00.000,3280.67,3370.0,3203.12,3313.29,2660184.672,2024-04-03 23:59:59.999,8811379210.63410,3862307,1291029.421,4276382571.68467,0
2024-04-04 00:00:00.000,3313.28,3446.48,3252.59,3329.65,2446555.032,2024-04-04 23:59:59.999,8169659175.37157,3555027,1219030.542,4071079079.30695,0
2024-04-05 00:00:00.000,3329.65,3352.07,3208.0,3319.66,2617392.108,2024-04-05 23:59:59.999,8604507301.44426,4078030,1274510.657,4191255519.66735,0
2024-04-06 00:00:00.000,3319.66,3402.72,3308.0,3353.15,1131719.523,2024-04-06 23:59:59.999,3784631189.15189,2056794,558365.088,1867321019.62669,0
2024-04-07 00:00:00.000,3353.16,3462.19,3345.51,3455.99,1444094.538,2024-04-07 23:59:59.999,4908725510.13586,2597159,729474.558,2480135111.02437,0
2024-04-08 00:00:00.000,3456.0,3735.31,3407.33,3697.6,2845934.629,2024-04-08 23:59:59.999,10242502690.69892,5023843,1463089.112,5264935579.31939,0
2024-04-09 00:00:00.000,3697.59,3730.0,3452.3,3508.45,3448082.837,2024-04-09 23:59:59.999,12375679718.68608,5410809,1659128.775,5955335281.23831,0
2024-04-10 00:00:00.000,3508.46,3567.18,3413.2,3547.64,2832357.377,2024-04-10 23:59:59.999,9907338189.73150,5219893,1401265.214,4903520764.81873,0
2024-04-11 00:00:00.000,3547.64,3621.74,3475.03,3504.43,2234984.241,2024-04-11 23:59:59.999,7911317508.81466,4311146,1099113.179,3891577222.95107,0
2024-04-12 00:00:00.000,3504.42,3555.0,3062.04,3238.3,3896865.831,2024-04-12 23:59:59.999,13037212264.80269,5575896,1803071.624,6037712052.60828,0
2024-04-13 00:00:00.000,3238.31,3305.42,2791.61,3005.46,5308516.817,2024-04-13 23:59:59.999,16403790658.86951,7092786,2492393.860,7713815358.70743,0
2024-04-14 00:00:00.000,3005.47,3173.32,2903.0,3153.16,3950204.757,2024-04-14 23:59:59.999,12011461408.84632,5563424,1934261.030,5884077990.57870,0
2024-04-15 00:00:00.000,3153.16,3277.74,3022.08,3100.75,3855036.931,2024-04-15 23:59:59.999,12155258304.12795,5366832,1880843.138,5932730904.92783,0
2024-04-16 00:00:00.000,3100.76,3127.41,2976.43,3082.85,3451959.497,2024-04-16 23:59:59.999,10560043076.80123,5526522,1695678.362,5188958927.27828,0
2024-04-17 00:00:00.000,3082.84,3123.12,2912.45,2983.25,3311729.707,2024-04-17 23:59:59.999,9975172417.97654,4938769,1632717.882,4918500672.32691,0
2024-04-18 00:00:00.000,2983.26,3093.59,2949.54,3062.85,2675545.62,2024-04-18 23:59:59.999,8096360542.18016,4317809,1336107.199,4043856059.88180,0
2024-04-19 00:00:00.000,3062.85,3128.52,2861.76,3054.91,4007802.786,2024-04-19 23:59:59.999,12155003896.40264,5981903,1961320.729,5951875096.79183,0
2024-04-20 00:00:00.000,3054.91,3173.83,3016.4,3154.31,1625068.703,2024-04-20 23:59:59.999,5020261592.09934,2652444,812815.833,2511570331.44671,0
2024-04-21 00:00:00.000,3154.3,3196.41,3114.15,3145.73,1575165.839,2024-04-21 23:59:59.999,4973199800.33538,2580212,773103.634,2441023665.76054,0
2024-04-22 00:00:00.000,3145.74,3235.0,3127.14,3198.66,2047440.862,2024-04-22 23:59:59.999,6532944241.83253,3349826,1020037.877,3254867560.55685,0
2024-04-23 00:00:00.000,3198.66,3266.91,3150.31,3218.04,1663106.378,2024-04-23 23:59:59.999,5330082646.21801,2881555,836134.426,2680709855.40677,0
2024-04-24 00:00:00.000,3218.03,3293.38,3102.5,3138.84,2482827.279,2024-04-24 23:59:59.999,7955315677.08124,3929282,1199335.412,3845500211.82075,0
2024-04-25 00:00:00.000,3138.84,3189.97,3070.16,3154.44,2448075.918,2024-04-25 23:59:59.999,7673893769.26812,3780175,1204218.194,3776118889.72213,0
2024-04-26 00:00:00.000,3154.44,3167.2,3100.38,3129.98,1764316.116,2024-04-26 23:59:59.999,5531739047.59648,2824667,879590.232,2758220480.88687,0
2024-04-27 00:00:00.000,3129.98,3283.54,3062.8,3253.97,2199813.487,2024-04-27 23:59:59.999,6971864379.53136,3083165,1112602.119,3528168301.16083,0
2024-04-28 00:00:00.000,3253.97,3365.69,3248.8,3262.28,1999881.264,2024-04-28 23:59:59.999,6603964510.25257,2947670,998335.709,3297528712.55697,0
2024-04-29 00:00:00.000,3262.29,3286.29,3113.02,3215.27,2960135.349,2024-04-29 23:59:59.999,9429474471.30777,4366893,1432776.560,4564374582.13521,0
2024-04-30 00:00:00.000,3215.28,3250.0,2918.33,3012.58,4278488.436,2024-04-30 23:59:59.999,13020897617.75349,5924197,2038778.336,6202878359.07569,0
2024-05-01 00:00:00.000,3012.57,3021.94,2814.44,2970.61,4277387.307,2024-05-01 23:59:59.999,12498907680.09620,5896600,2070553.972,6051145818.53226,0
2024-05-02 00:00:00.000,2970.61,3016.38,2890.0,2984.8,2293012.777,2024-05-02 23:59:59.999,6797323551.42273,3573426,1176638.906,3488409694.10040,0
2024-05-03 00:00:00.000,2984.8,3126.44,2956.86,3100.83,2355561.832,2024-05-03 23:59:59.999,7151691173.98163,3689351,1200944.642,3647370869.93909,0
2024-05-04 00:00:00.000,3100.83,3167.45,3090.75,3115.46,1371653.97,2024-05-04 23:59:59.999,4285219356.99816,2105769,690252.155,2156926277.74958,0
2024-05-05 00:00:00.000,3115.46,3171.15,3071.1,3135.24,1570278.517,2024-05-05 23:59:59.999,4910484764.99347,2308243,774256.566,2421213716.30513,0
2024-05-06 00:00:00.000,3135.24,3221.95,3043.92,3061.5,2638707.024,2024-05-06 23:59:59.999,8247182154.47072,3738000,1285416.677,4019891492.41545,0
2024-05-07 00:00:00.000,3061.5,3128.59,2996.53,3004.55,2201536.706,2024-05-07 23:59:59.999,6751855977.43258,3393105,1066799.598,3272641136.36332,0
2024-05-08 00:00:00.000,3004.55,3037.52,2930.64,2972.93,2195609.599,2024-05-08 23:59:59.999,6577135534.82550,3545690,1067452.734,3198238088.75101,0
2024-05-09 00:00:00.000,2972.94,3058.23,2949.0,3034.75,1709515.974,2024-05-09 23:59:59.999,5123060909.63459,2897214,876457.540,2627142581.08119,0
2024-05-10 00:00:00.000,3034.75,3053.52,2877.0,2908.85,2264167.435,2024-05-10 23:59:59.999,6695556185.59951,3453080,1079391.142,3192750219.47911,0
2024-05-11 00:00:00.000,2908.85,2946.6,2884.6,2911.27,1115231.905,2024-05-11 23:59:59.999,3252159193.86028,1843654,555636.698,1620594677.04918,0
2024-05-12 00:00:00.000,2911.27,2954.94,2898.97,2927.73,1003441.381,2024-05-12 23:59:59.999,2935939762.59539,1564945,504653.796,1476867775.61630,0
2024-05-13 00:00:00.000,2927.73,2996.44,2863.8,2949.71,2489504.728,2024-05-13 23:59:59.999,7308749342.26376,3739975,1247573.299,3664239229.37726,0
2024-05-14 00:00:00.000,2949.72,2959.79,2858.14,2880.87,2087007.343,2024-05-14 23:59:59.999,6062587792.47052,3182464,1008772.425,2930382295.18379,0
2024-05-15 00:00:00.000,2880.87,3039.52,2861.71,3030.66,2538941.374,2024-05-15 23:59:59.999,7490561299.98222,3682410,1291743.940,3811986418.48906,0
2024-05-16 00:00:00.000,3030.67,3039.95,2920.93,2943.22,2031554.936,2024-05-16 23:59:59.999,6049550675.84311,2914768,988124.268,2943163333.62479,0
2024-05-17 00:00:00.000,2943.22,3119.0,2931.36,3090.48,2573872.238,2024-05-17 23:59:59.999,7838262652.43210,3386966,1322641.099,4027227222.45315,0
2024-05-18 00:00:00.000,3090.47,3146.36,3081.59,3121.59,1335509.587,2024-05-18 23:59:59.999,4156984937.14991,2176066,658942.185,2051457612.99166,0
2024-05-19 00:00:00.000,3121.6,3135.58,3051.3,3069.98,1348685.716,2024-05-19 23:59:59.999,4166087445.67779,2281506,649518.045,2006765491.08395,0
2024-05-20 00:00:00.000,3069.98,3698.86,3045.06,3664.39,5394372.967,2024-05-20 23:59:59.999,18048021771.67237,7043385,2802915.942,9379594498.75876,0
2024-05-21 00:00:00.000,3664.39,3849.26,3628.0,3792.32,5629142.3,2024-05-21 23:59:59.999,21078487769.90360,7464955,2808283.548,10516194241.59272,0
2024-05-22 00:00:00.000,3792.33,3816.84,3655.0,3740.25,3626843.371,2024-05-22 23:59:59.999,13562779469.13950,5376346,1781756.427,6663860888.36510,0
2024-05-23 00:00:00.000,3740.25,3952.89,3524.55,3784.8,7635174.311,2024-05-23 23:59:59.999,29016060909.33690,10012746,3775955.533,14357672778.77449,0
2024-05-24 00:00:00.000,3784.79,3832.0,3627.0,3729.61,3215814.229,2024-05-24 23:59:59.999,11955995521.85735,4953006,1596475.851,5934904406.42245,0
2024-05-25 00:00:00.000,3729.61,3782.82,3710.14,3751.15,1147234.262,2024-05-25 23:59:59.999,4299287507.21736,2105740,577017.199,2162608809.82915,0
2024-05-26 00:00:00.000,3751.16,3887.26,3732.06,3827.53,1903387.53,2024-05-26 23:59:59.999,7268692628.89094,3077314,967536.950,3695319315.22210,0
2024-05-27 00:00:00.000,3827.54,3980.0,3824.7,3896.09,2765129.283,2024-05-27 23:59:59.999,10831101104.67690,4047338,1406302.893,5509171360.41635,0
2024-05-28 00:00:00.000,3896.09,3934.42,3775.42,3847.0,2743469.005,2024-05-28 23:59:59.999,10587010856.16523,4131171,1320711.680,5098775734.56719,0
2024-05-29 00:00:00.000,3847.01,3891.79,3746.41,3770.0,2322064.217,2024-05-29 23:59:59.999,8840201337.98247,3697682,1132198.881,4310818597.66084,0
2024-05-30 00:00:00.000,3770.01,3828.74,3704.7,3750.39,2337573.407,2024-05-30 23:59:59.999,8797090035.41715,3681296,1154732.765,4346373766.41512,0
2024-05-31 00:00:00.000,3750.38,3859.53,3725.16,3764.35,2245502.251,2024-05-31 23:59:59.999,8482436640.91421,3559476,1119934.939,4230765534.45397,0
2024-06-01 00:00:00.000,3764.35,3837.2,3754.36,3817.49,990970.998,2024-06-01 23:59:59.999,3762256419.14500,1713419,512007.072,1943999050.79715,0
2024-06-02 00:00:00.000,3817.49,3841.7,3753.8,3783.98,1399997.604,2024-06-02 23:59:59.999,5315063128.49873,2239103,693850.462,2634354624.45735,0
2024-06-03 00:00:00.000,3783.98,3854.0,3760.0,3769.15,1916780.125,2024-06-03 23:59:59.999,7289605441.43148,3009290,941751.145,3582084956.02903,0
2024-06-04 00:00:00.000,3769.14,3835.11,3720.0,3813.12,1757510.322,2024-06-04 23:59:59.999,6653247408.53949,2842601,871391.871,3299567659.17706,0
2024-06-05 00:00:00.000,3813.11,3892.06,3778.91,3868.61,1939160.262,2024-06-05 23:59:59.999,7418252620.82999,3006680,980924.582,3753144955.64928,0
2024-06-06 00:00:00.000,3868.6,3881.99,3760.0,3815.76,1550761.493,2024-06-06 23:59:59.999,5943223056.90340,2511651,736342.557,2822913004.46003,0
2024-06-07 00:00:00.000,3815.77,3844.32,3555.02,3679.82,2617598.785,2024-06-07 23:59:59.999,9796443077.05075,3691632,1215070.304,4551942193.23492,0
2024-06-08 00:00:00.000,3679.82,3711.28,3659.0,3682.11,793561.955,2024-06-08 23:59:59.999,2926036726.64497,1458805,386433.172,1424926502.72171,0
2024-06-09 00:00:00.000,3682.12,3724.73,3666.71,3707.67,715200.186,2024-06-09 23:59:59.999,2642214956.13551,1254370,364384.915,1346307751.15646,0
2024-06-10 00:00:00.000,3707.67,3715.49,3642.6,3669.66,1149036.664,2024-06-10 23:59:59.999,4227296437.78585,1802146,572898.274,2107870923.90956,0
2024-06-11 00:00:00.000,3669.65,3675.0,3427.09,3498.16,3162055.189,2024-06-11 23:59:59.999,11172484428.62634,4252218,1482214.962,5237497335.02200,0
2024-06-12 00:00:00.000,3498.17,3657.77,3462.09,3560.45,2861506.382,2024-06-12 23:59:59.999,10226727654.51707,3530223,1422978.039,5084832973.19999,0
2024-06-13 00:00:00.000,3560.44,3562.33,3426.01,3469.18,2257441.373,2024-06-13 23:59:59.999,7883026434.45223,3052011,1092733.326,3816380105.11294,0
2024-06-14 00:00:00.000,3469.18,3533.82,3361.05,3480.51,2523034.384,2024-06-14 23:59:59.999,8724522321.55577,3294259,1246182.223,4311025266.76449,0
2024-06-15 00:00:00.000,3480.5,3594.99,3472.34,3567.87,1576530.079,2024-06-15 23:59:59.999,5582814974.94714,2027536,800635.054,2835959176.30979,0
2024-06-16 00:00:00.000,3567.88,3653.73,3540.0,3622.96,1335659.257,2024-06-16 23:59:59.999,4792346124.67986,1829019,677199.022,2430270925.72044,0
2024-06-17 00:00:00.000,3622.96,3637.47,3464.0,3509.56,2934501.925,2024-06-17 23:59:59.999,10383899880.01183,3692294,1440740.992,5098795168.57783,0
2024-06-18 00:00:00.000,3509.56,3515.87,3341.85,3482.34,3312942.268,2024-06-18 23:59:59.999,11343168334.36804,4533103,1598710.063,5475607173.67633,0
2024-06-19 00:00:00.000,3482.33,3587.63,3463.91,3558.85,2344216.428,2024-06-19 23:59:59.999,8299632826.19350,3184104,1190686.068,4216065261.46845,0
2024-06-20 00:00:00.000,3558.84,3625.0,3483.63,3511.26,2504170.932,2024-06-20 23:59:59.999,8897629754.84559,3501862,1238031.732,4400210046.08425,0
2024-06-21 00:00:00.000,3511.27,3546.66,3443.8,3517.18,2504862.799,2024-06-21 23:59:59.999,8759168104.96023,3403949,1217382.352,4258098600.17461,0
2024-06-22 00:00:00.000,3517.18,3520.0,3472.57,3494.26,844082.802,2024-06-22 23:59:59.999,2950982843.35630,1249230,410224.022,1434255973.88213,0
2024-06-23 00:00:00.000,3494.25,3519.7,3397.87,3419.38,1408148.716,2024-06-23 23:59:59.999,4887692168.50265,1681099,657795.694,2284151724.64746,0
2024-06-24 00:00:00.000,3419.38,3434.75,3213.0,3352.0,4181333.575,2024-06-24 23:59:59.999,13901750459.19383,5015476,1999937.781,6651263700.42530,0
2024-06-25 00:00:00.000,3351.99,3431.27,3335.58,3393.06,1973459.793,2024-06-25 23:59:59.999,6678808477.45230,2753268,996863.260,3374307280.70847,0
2024-06-26 00:00:00.000,3393.07,3425.0,3325.54,3370.76,1794812.97,2024-06-26 23:59:59.999,6063286037.31370,2606789,896856.908,3029906763.55334,0
2024-06-27 00:00:00.000,3370.78,3476.6,3360.22,3450.34,1724674.688,2024-06-27 23:59:59.999,5901459500.76735,2329723,866906.982,2966540217.18654,0
2024-06-28 00:00:00.000,3450.34,3487.98,3362.0,3379.51,2082751.457,2024-06-28 23:59:59.999,7138480475.03431,2745383,1007314.321,3453111202.06849,0
2024-06-29 00:00:00.000,3379.5,3407.0,3369.07,3377.62,735883.787,2024-06-29 23:59:59.999,2493797462.54180,1194686,363692.103,1232518250.46531,0
2024-06-30 00:00:00.000,3377.63,3459.77,3348.5,3436.73,1174744.367,2024-06-30 23:59:59.999,3992984415.09220,1630699,597791.185,2032315211.63122,0
2024-07-01 00:00:00.000,3436.72,3524.16,3420.0,3440.46,1724896.32,2024-07-01 23:59:59.999,5995532614.39528,2268545,863006.437,3000071117.79851,0
2024-07-02 00:00:00.000,3440.47,3463.84,3399.22,3420.43,1214393.314,2024-07-02 23:59:59.999,4168787637.14763,1653542,598215.013,2053994483.33986,0
2024-07-03 00:00:00.000,3420.43,3431.36,3250.1,3294.75,2520352.735,2024-07-03 23:59:59.999,8373143758.36071,2979704,1178834.167,3915665271.63823,0
2024-07-04 00:00:00.000,3294.75,3312.59,3049.39,3059.31,3862044.922,2024-07-04 23:59:59.999,12216177700.63474,4536999,1845451.655,5838337261.74437,0
2024-07-05 00:00:00.000,3059.3,3108.28,2800.0,2980.43,5753070.194,2024-07-05 23:59:59.999,16931336844.73351,6619794,2745725.183,8082869905.51578,0
2024-07-06 00:00:00.000,2980.37,3080.0,2953.45,3065.5,1595818.824,2024-07-06 23:59:59.999,4806659739.67779,2278598,827056.240,2491713223.92660,0
2024-07-07 00:00:00.000,3065.49,3072.0,2922.0,2930.24,1800470.608,2024-07-07 23:59:59.999,5390321656.78700,2489493,879593.213,2633375371.12909,0
2024-07-08 00:00:00.000,2930.23,3098.0,2821.26,3017.51,4593820.144,2024-07-08 23:59:59.999,13619919410.75795,5819027,2263602.673,6714713716.15402,0
2024-07-09 00:00:00.000,3017.51,3115.8,3002.56,3065.06,2220259.045,2024-07-09 23:59:59.999,6802252912.17147,3391751,1107944.184,3394990338.81330,0
2024-07-10 00:00:00.000,3065.05,3150.0,3022.57,3099.12,2157373.274,2024-07-10 23:59:59.999,6683224627.71187,3176233,1095966.819,3395597845.45764,0
2024-07-11 00:00:00.000,3099.12,3216.6,3052.75,3098.25,2601339.395,2024-07-11 23:59:59.999,8152402004.42387,3600706,1307473.275,4099614706.74557,0
2024-07-12 00:00:00.000,3098.24,3156.6,3044.51,3133.24,1932672.308,2024-07-12 23:59:59.999,5984893351.43529,2961105,953615.559,2953715611.62769,0
2024-07-13 00:00:00.000,3133.24,3200.72,3112.12,3174.01,1049485.437,2024-07-13 23:59:59.999,3309598689.12394,1693477,530449.761,1672762352.10716,0
2024-07-14 00:00:00.000,3174.0,3268.66,3162.06,3243.56,1366714.817,2024-07-14 23:59:59.999,4379641147.06541,2055927,694270.539,2225310717.98379,0
2024-07-15 00:00:00.000,3243.52,3493.94,3231.03,3481.62,2723612.97,2024-07-15 23:59:59.999,9168654594.26661,3974958,1413455.861,4759014356.49876,0
2024-07-16 00:00:00.000,3481.62,3497.74,3345.0,3442.83,2845763.916,2024-07-16 23:59:59.999,9753609626.26469,4061901,1400015.787,4799501715.18949,0
2024-07-17 00:00:00.000,3442.84,3517.14,3374.53,3386.0,2271175.016,2024-07-17 23:59:59.999,7844661419.98232,3237912,1123891.810,3882675286.01509,0
2024-07-18 00:00:00.000,3386.01,3487.99,3364.62,3424.99,1913161.231,2024-07-18 23:59:59.999,6551974018.48734,2731223,944022.723,3233110257.06810,0
2024-07-19 00:00:00.000,3424.99,3539.38,3375.25,3502.18,2389303.433,2024-07-19 23:59:59.999,8238609685.59137,3178663,1199695.337,4137730841.44349,0
2024-07-20 00:00:00.000,3502.18,3538.38,3478.01,3516.03,1048158.992,2024-07-20 23:59:59.999,3670139851.53731,1558795,523893.206,1834532617.65168,0
2024-07-21 00:00:00.000,3516.03,3547.84,3408.13,3534.29,1758109.934,2024-07-21 23:59:59.999,6134383804.64903,2543058,866286.165,3023588474.70076,0
2024-07-22 00:00:00.000,3534.3,3562.33,3421.0,3438.08,1946040.386,2024-07-22 23:59:59.999,6769829515.27811,2872471,924675.807,3217480097.84942,0
2024-07-23 00:00:00.000,3438.09,3540.94,3384.61,3481.01,3985761.867,2024-07-23 23:59:59.999,13828978662.12502,5226373,1983682.765,6883828450.35069,0
2024-07-24 00:00:00.000,3481.01,3486.73,3285.69,3334.24,2296300.341,2024-07-24 23:59:59.999,7821933918.61205,3181878,1090418.270,3716095917.32670,0
2024-07-25 00:00:00.000,3334.23,3342.02,3085.57,3173.67,4204282.853,2024-07-25 23:59:59.999,13341514822.71402,5209059,2025470.194,6425950593.26435,0
2024-07-26 00:00:00.000,3173.67,3284.93,3169.14,3272.82,2257393.787,2024-07-26 23:59:59.999,7320892193.08020,2915335,1134692.410,3679901499.24730,0
2024-07-27 00:00:00.000,3272.81,3326.9,3188.89,3248.17,2181510.66,2024-07-27 23:59:59.999,7122454624.01377,2761294,1054924.118,3444874885.88237,0
2024-07-28 00:00:00.000,3248.16,3284.57,3195.84,3268.03,1114442.469,2024-07-28 23:59:59.999,3619629949.88500,1570115,553972.831,1799410904.08880,0
2024-07-29 00:00:00.000,3268.03,3396.07,3256.56,3316.87,2897273.325,2024-07-29 23:59:59.999,9642865305.32722,3645510,1448141.100,4820081979.34955,0
2024-07-30 00:00:00.000,3316.86,3365.0,3230.1,3278.17,2000830.475,2024-07-30 23:59:59.999,6618568157.75030,2867603,964073.973,3190146742.55348,0
2024-07-31 00:00:00.000,3278.17,3348.74,3212.32,3231.48,2173585.083,2024-07-31 23:59:59.999,7150139867.64550,3182046,1067718.335,3513298837.35317,0
2024-08-01 00:00:00.000,3231.49,3241.83,3078.4,3201.67,2840086.848,2024-08-01 23:59:59.999,8965170896.12680,4034154,1380300.354,4356642639.08682,0
2024-08-02 00:00:00.000,3201.66,3217.06,2965.27,2988.11,3409297.384,2024-08-02 23:59:59.999,10491247461.21990,4548541,1621377.708,4991340464.84899,0
2024-08-03 00:00:00.000,2988.1,3016.61,2855.0,2901.94,2621892.579,2024-08-03 23:59:59.999,7708121561.66818,3601279,1248008.633,3669871587.98689,0
2024-08-04 00:00:00.000,2901.95,2934.66,2613.3,2687.6,3709293.795,2024-08-04 23:59:59.999,10337564316.12464,4334371,1745526.288,4868353923.68421,0
2024-08-05 00:00:00.000,2687.6,2695.93,2112.0,2418.6,13557724.097,2024-08-05 23:59:59.999,31796290079.35264,14541848,6562189.135,15387889552.71915,0
2024-08-06 00:00:00.000,2418.6,2558.24,2412.35,2459.87,4356686.925,2024-08-06 23:59:59.999,10853835843.08941,6249436,2188075.764,5451877184.46254,0
2024-08-07 00:00:00.000,2459.86,2549.85,2307.0,2341.41,4906789.045,2024-08-07 23:59:59.999,11948141533.76121,6140976,2425336.198,5908403982.37131,0
2024-08-08 00:00:00.000,2341.4,2723.77,2318.64,2681.59,4820970.35,2024-08-08 23:59:59.999,12083805705.50479,5984866,2490429.713,6247556699.78970,0
2024-08-09 00:00:00.000,2681.59,2708.8,2551.23,2597.9,3151681.154,2024-08-09 23:59:59.999,8282477599.45511,4634696,1557582.043,4094020420.06920,0
2024-08-10 00:00:00.000,2597.89,2644.43,2574.54,2608.76,1311479.404,2024-08-10 23:59:59.999,3425329027.84520,2176236,659571.157,1722921753.27068,0
2024-08-11 00:00:00.000,2608.77,2720.78,2537.76,2554.65,2629489.23,2024-08-11 23:59:59.999,6903526348.81363,3711479,1293433.061,3396187353.52038,0
2024-08-12 00:00:00.000,2554.66,2749.97,2506.13,2721.15,4126997.22,2024-08-12 23:59:59.999,10880965017.29926,5678213,2066388.903,5450953692.77640,0
2024-08-13 00:00:00.000,2721.15,2737.38,2610.04,2701.01,3016449.602,2024-08-13 23:59:59.999,8069318726.17169,4277979,1463942.691,3916811496.53101,0
2024-08-14 00:00:00.000,2701.01,2788.88,2631.0,2659.82,3096528.693,2024-08-14 23:59:59.999,8350455924.61193,4268636,1539084.484,4152131428.59770,0
2024-08-15 00:00:00.000,2659.82,2674.17,2513.65,2568.73,3219267.74,2024-08-15 23:59:59.999,8394943427.72548,4395653,1558233.282,4064093807.97042,0
2024-08-16 00:00:00.000,2568.73,2630.73,2549.15,2591.52,2666495.856,2024-08-16 23:59:59.999,6920011178.09664,3532045,1330009.967,3452180554.93673,0
2024-08-17 00:00:00.000,2591.53,2628.0,2585.81,2613.18,820608.568,2024-08-17 23:59:59.999,2137408112.92346,1287056,415970.481,1083684914.57520,0
2024-08-18 00:00:00.000,2613.18,2688.25,2593.0,2610.67,1615775.889,2024-08-18 23:59:59.999,4267133650.03774,2004401,809008.005,2136908459.77330,0
2024-08-19 00:00:00.000,2610.67,2647.29,2560.9,2635.15,2122248.285,2024-08-19 23:59:59.999,5523868083.81981,2786090,1064720.330,2772015605.40278,0
2024-08-20 00:00:00.000,2635.16,2694.96,2552.5,2571.51,2504509.413,2024-08-20 23:59:59.999,6566812933.60973,3120372,1238820.281,3248597650.00739,0
2024-08-21 00:00:00.000,2571.51,2663.55,2533.51,2629.38,2414391.575,2024-08-21 23:59:59.999,6277878525.37053,3176025,1178623.074,3065820083.52276,0
2024-08-22 00:00:00.000,2629.37,2644.0,2582.27,2622.0,1631635.639,2024-08-22 23:59:59.999,4269132808.98035,2282787,808553.017,2115701959.89217,0
2024-08-23 00:00:00.000,2622.0,2798.88,2619.86,2761.58,3288873.603,2024-08-23 23:59:59.999,8851748788.18980,3726302,1681673.422,4527645060.38112,0
2024-08-24 00:00:00.000,2761.58,2819.35,2729.15,2766.4,2124349.317,2024-08-24 23:59:59.999,5889986272.50161,2442380,1043222.690,2893254975.15796,0
2024-08-25 00:00:00.000,2766.4,2791.66,2731.63,2744.47,1228055.898,2024-08-25 23:59:59.999,3389709159.62444,1753910,613644.600,1694288811.56545,0
2024-08-26 00:00:00.000,2744.48,2760.97,2665.0,2679.25,1907712.073,2024-08-26 23:59:59.999,5184051187.20895,2553448,915016.083,2487377251.83939,0
2024-08-27 00:00:00.000,2679.26,2699.11,2388.0,2455.98,3836573.429,2024-08-27 23:59:59.999,9846501388.57358,4097936,1789097.400,4597768265.06356,0
2024-08-28 00:00:00.000,2455.98,2554.19,2416.56,2527.31,3674708.436,2024-08-28 23:59:59.999,9159321788.05102,4369848,1827085.219,4554679262.93537,0
2024-08-29 00:00:00.000,2527.32,2594.0,2504.11,2526.28,2156748.728,2024-08-29 23:59:59.999,5495665085.87916,2978686,1071415.057,2731070479.70818,0
2024-08-30 00:00:00.000,2526.28,2552.32,2431.0,2524.99,2705396.131,2024-08-30 23:59:59.999,6752794214.88911,3350073,1356369.455,3385768019.74133,0
2024-08-31 00:00:00.000,2524.99,2533.29,2490.62,2511.91,785832.801,2024-08-31 23:59:59.999,1976386313.99828,1248851,397981.405,1000992767.92170,0
2024-09-01 00:00:00.000,2511.91,2514.97,2397.23,2424.55,2295800.358,2024-09-01 23:59:59.999,5659435689.68286,2855543,1108499.181,2732738084.96637,0
2024-09-02 00:00:00.000,2424.55,2564.49,2421.8,2536.74,2289999.119,2024-09-02 23:59:59.999,5708121980.45667,2837354,1181635.729,2945741446.13685,0
2024-09-03 00:00:00.000,2536.76,2552.55,2405.14,2424.05,2052035.733,2024-09-03 23:59:59.999,5085212466.24925,2614090,1000153.640,2478456524.97064,0
2024-09-04 00:00:00.000,2424.05,2489.34,2304.87,2449.67,3391129.709,2024-09-04 23:59:59.999,8140965676.04585,3931605,1677759.784,4030837807.87353,0
2024-09-05 00:00:00.000,2449.67,2465.23,2346.05,2367.37,2611081.826,2024-09-05 23:59:59.999,6245550694.43367,3107916,1261969.432,3018996438.19869,0
2024-09-06 00:00:00.000,2367.33,2409.34,2150.0,2223.7,5476018.438,2024-09-06 23:59:59.999,12547525242.00458,5360447,2594469.019,5951733241.16893,0
2024-09-07 00:00:00.000,2223.7,2310.0,2220.76,2272.21,1832770.243,2024-09-07 23:59:59.999,4165135636.96698,2210828,908635.249,2065076225.44763,0
2024-09-08 00:00:00.000,2272.21,2333.98,2238.88,2295.89,1933824.754,2024-09-08 23:59:59.999,4415720059.77657,2156598,973068.219,2222217326.39417,0
2024-09-09 00:00:00.000,2295.9,2382.51,2271.22,2358.19,2933575.518,2024-09-09 23:59:59.999,6805916507.20762,3320754,1482404.917,3440306921.76620,0
2024-09-10 00:00:00.000,2358.19,2399.99,2319.09,2387.63,2148101.375,2024-09-10 23:59:59.999,5054995341.92923,2565583,1068571.246,2515123913.45632,0
2024-09-11 00:00:00.000,2387.63,2388.39,2275.8,2339.22,3136148.113,2024-09-11 23:59:59.999,7306678946.31927,3409399,1529071.821,3563775627.45300,0
2024-09-12 00:00:00.000,2339.18,2392.0,2313.16,2360.79,2141666.211,2024-09-12 23:59:59.999,5033942160.06787,2545405,1066702.747,2507509313.74966,0
2024-09-13 00:00:00.000,2360.79,2463.77,2336.2,2438.15,2314979.037,2024-09-13 23:59:59.999,5530067659.02683,2668001,1208391.772,2887469170.17797,0
2024-09-14 00:00:00.000,2438.16,2439.61,2373.82,2416.65,1075037.045,2024-09-14 23:59:59.999,2596020589.32818,1367830,500734.531,1209109278.68291,0
2024-09-15 00:00:00.000,2416.65,2429.44,2282.0,2314.85,1664319.311,2024-09-15 23:59:59.999,3940360052.61832,1854980,775695.527,1838188878.30536,0
2024-09-16 00:00:00.000,2314.85,2334.9,2251.06,2294.61,2822059.425,2024-09-16 23:59:59.999,6460692525.60421,3278768,1401475.588,3208620449.81585,0
2024-09-17 00:00:00.000,2294.61,2392.62,2262.0,2340.59,2616421.538,2024-09-17 23:59:59.999,6111066521.55576,2954820,1314011.466,3069825062.72255,0
2024-09-18 00:00:00.000,2340.59,2376.0,2275.25,2373.93,2861908.683,2024-09-18 23:59:59.999,6635180765.57796,3408011,1421120.067,3295733475.77364,0
2024-09-19 00:00:00.000,2373.93,2494.68,2371.37,2464.56,2948555.003,2024-09-19 23:59:59.999,7171076241.07582,3370281,1497203.330,3641275078.06140,0
2024-09-20 00:00:00.000,2464.55,2572.18,2436.11,2560.29,3062258.119,2024-09-20 23:59:59.999,7753088412.44312,3534413,1551048.187,3927065203.78410,0
2024-09-21 00:00:00.000,2560.3,2623.85,2527.69,2611.4,1505216.371,2024-09-21 23:59:59.999,3860209268.60618,1968769,765766.675,1964591017.98574,0
2024-09-22 00:00:00.000,2611.4,2633.3,2522.57,2579.94,1969445.194,2024-09-22 23:59:59.999,5079507048.41662,2567848,973369.702,2510953564.04593,0
2024-09-23 00:00:00.000,2579.95,2702.0,2538.24,2645.84,3118835.195,2024-09-23 23:59:59.999,8258863620.46054,3944673,1572817.958,4165165302.30153,0
2024-09-24 00:00:00.000,2645.84,2669.94,2590.1,2652.0,2718085.708,2024-09-24 23:59:59.999,7157361925.27724,3286318,1337213.087,3521501448.58989,0
2024-09-25 00:00:00.000,2652.0,2673.06,2552.44,2578.9,2133334.523,2024-09-25 23:59:59.999,5567024562.92928,2797933,1030281.087,2689554386.55888,0
2024-09-26 00:00:00.000,2578.9,2666.17,2557.5,2631.11,2641065.13,2024-09-26 23:59:59.999,6929873789.00273,3328794,1321868.043,3468568465.59914,0
2024-09-27 00:00:00.000,2631.16,2727.66,2614.22,2693.53,2373825.623,2024-09-27 23:59:59.999,6342180731.27170,3189100,1199024.707,3203856813.31170,0
2024-09-28 00:00:00.000,2693.52,2703.3,2648.32,2673.9,1392948.05,2024-09-28 23:59:59.999,3723908596.00055,1839875,677326.925,1810841424.32055,0
2024-09-29 00:00:00.000,2673.91,2683.0,2632.8,2656.3,1390536.4,2024-09-29 23:59:59.999,3694249941.64657,1986101,677042.803,1799071998.37582,0
2024-09-30 00:00:00.000,2656.3,2662.81,2572.82,2601.49,2859601.743,2024-09-30 23:59:59.999,7479243412.38602,3737190,1386603.621,3627038278.35980,0
2024-10-01 00:00:00.000,2601.49,2658.63,2412.4,2446.85,4639427.429,2024-10-01 23:59:59.999,11757705807.87982,5506567,2223094.240,5637027782.04710,0
2024-10-02 00:00:00.000,2446.85,2498.0,2350.0,2363.0,3570103.344,2024-10-02 23:59:59.999,8682380285.25884,4876678,1762306.137,4287791720.54734,0
2024-10-03 00:00:00.000,2363.0,2402.29,2308.09,2348.74,3190067.071,2024-10-03 23:59:59.999,7492256044.28834,4606050,1582561.453,3716899655.06006,0
2024-10-04 00:00:00.000,2348.74,2440.0,2338.27,2413.38,2533506.834,2024-10-04 23:59:59.999,6057108558.06383,3367064,1276058.588,3050968050.70008,0
2024-10-05 00:00:00.000,2413.38,2427.94,2388.66,2413.42,1103480.476,2024-10-05 23:59:59.999,2659364171.76931,1634536,531347.467,1280610283.15056,0
2024-10-06 00:00:00.000,2413.42,2457.11,2405.76,2438.77,1219434.738,2024-10-06 23:59:59.999,2965206689.83741,1662789,616942.510,1500513800.77798,0
2024-10-07 00:00:00.000,2438.76,2520.25,2401.08,2421.75,3345508.612,2024-10-07 23:59:59.999,8255869954.96215,3859018,1666039.130,4112579562.93845,0
2024-10-08 00:00:00.000,2421.75,2466.63,2400.01,2439.84,2262736.283,2024-10-08 23:59:59.999,5503261413.71323,3114112,1139055.760,2770824075.20939,0
2024-10-09 00:00:00.000,2439.84,2472.9,2350.0,2369.6,2689510.593,2024-10-09 23:59:59.999,6518443895.41703,3351701,1286371.019,3119005644.17756,0
2024-10-10 00:00:00.000,2369.6,2421.5,2329.44,2385.24,2863209.676,2024-10-10 23:59:59.999,6818678392.31371,3597279,1398871.814,3332026528.56307,0
2024-10-11 00:00:00.000,2385.24,2470.0,2380.81,2438.46,2339315.627,2024-10-11 23:59:59.999,5679642394.45142,2711747,1200225.385,2914875010.63419,0
2024-10-12 00:00:00.000,2438.45,2489.95,2433.2,2475.09,1118480.77,2024-10-12 23:59:59.999,2752321410.11463,1599784,572385.739,1408694565.52210,0
2024-10-13 00:00:00.000,2475.08,2484.0,2435.0,2467.79,1294682.574,2024-10-13 23:59:59.999,3182005834.60698,1710016,628913.242,1545838846.41015,0
2024-10-14 00:00:00.000,2467.79,2653.44,2442.0,2628.88,3677192.62,2024-10-14 23:59:59.999,9413848750.38399,4126739,1941736.246,4970136301.48087,0
2024-10-15 00:00:00.000,2628.87,2688.76,2536.64,2606.53,3913137.317,2024-10-15 23:59:59.999,10179198376.76577,4603082,1895316.575,4932265835.07717,0
2024-10-16 00:00:00.000,2606.54,2647.51,2588.01,2610.39,2129585.886,2024-10-16 23:59:59.999,5575803606.56706,3335242,1075259.626,2816083406.04165,0
2024-10-17 00:00:00.000,2610.39,2647.9,2573.73,2605.01,2064665.138,2024-10-17 23:59:59.999,5391409323.33926,3126924,1015541.123,2652422054.07469,0
2024-10-18 00:00:00.000,2605.01,2675.12,2595.61,2641.11,2309322.096,2024-10-18 23:59:59.999,6087636750.23593,3332476,1166893.882,3076289416.43800,0
2024-10-19 00:00:00.000,2641.11,2662.66,2630.05,2647.45,811419.456,2024-10-19 23:59:59.999,2145117994.00858,1394122,388171.835,1026251049.19583,0
2024-10-20 00:00:00.000,2647.46,2759.62,2634.53,2746.98,1886789.344,2024-10-20 23:59:59.999,5086837478.28040,2561549,972928.602,2623284767.82980,0
2024-10-21 00:00:00.000,2746.98,2770.0,2655.52,2666.63,2440964.283,2024-10-21 23:59:59.999,6594015920.81760,3398089,1145823.576,3095647136.81916,0
2024-10-22 00:00:00.000,2666.62,2671.59,2606.0,2621.78,2231512.621,2024-10-22 23:59:59.999,5872949301.92433,3216850,1058950.981,2787039361.33469,0
2024-10-23 00:00:00.000,2621.79,2629.51,2443.01,2523.84,3189122.481,2024-10-23 23:59:59.999,8115624142.39563,4009452,1520306.621,3870037417.51346,0
2024-10-24 00:00:00.000,2523.85,2561.83,2506.27,2535.39,2024878.304,2024-10-24 23:59:59.999,5131500444.50411,3077106,1012955.907,2567477463.68968,0
2024-10-25 00:00:00.000,2535.39,2565.94,2380.63,2440.1,4024452.801,2024-10-25 23:59:59.999,10029812560.47148,4904111,1927355.099,4805880042.88846,0
2024-10-26 00:00:00.000,2440.1,2507.1,2429.34,2482.04,1570141.847,2024-10-26 23:59:59.999,3869014206.47847,2441155,789431.121,1945757193.89331,0
2024-10-27 00:00:00.000,2482.04,2527.25,2462.86,2507.22,1121169.212,2024-10-27 23:59:59.999,2791987376.97791,1824285,572225.679,1424929948.04159,0
2024-10-28 00:00:00.000,2507.21,2590.78,2470.41,2566.49,2899028.949,2024-10-28 23:59:59.999,7309310195.27607,3762851,1494189.493,3768684034.75069,0
2024-10-29 00:00:00.000,2566.48,2681.83,2560.3,2639.28,3011425.28,2024-10-29 23:59:59.999,7913517420.71605,4189559,1493408.088,3924332428.64527,0
2024-10-30 00:00:00.000,2639.28,2724.65,2599.9,2659.36,3503151.793,2024-10-30 23:59:59.999,9357672371.96901,4461263,1710311.850,4569927873.94407,0
2024-10-31 00:00:00.000,2659.35,2669.74,2502.5,2518.37,3205202.83,2024-10-31 23:59:59.999,8277842338.14581,4047308,1459374.126,3768659241.34926,0
2024-11-01 00:00:00.000,2518.37,2587.86,2467.3,2511.57,3451022.637,2024-11-01 23:59:59.999,8699141498.66404,4542784,1685871.146,4250695855.49705,0
2024-11-02 00:00:00.000,2511.57,2523.8,2467.1,2493.61,1213734.335,2024-11-02 23:59:59.999,3026712910.29806,1863044,569964.447,1421633376.48026,0
2024-11-03 00:00:00.000,2493.61,2496.21,2410.35,2457.29,2927779.094,2024-11-03 23:59:59.999,7163438364.52393,3691178,1458611.352,3569395175.29100,0
2024-11-04 00:00:00.000,2457.3,2491.0,2356.0,2397.37,2683418.991,2024-11-04 23:59:59.999,6531967836.16009,3886493,1321401.210,3218019482.77525,0
2024-11-05 00:00:00.000,2397.36,2479.6,2379.48,2421.42,2557859.231,2024-11-05 23:59:59.999,6231806758.76281,3760382,1294224.266,3153791562.91328,0
2024-11-06 00:00:00.000,2421.41,2746.02,2419.2,2722.49,6240942.27,2024-11-06 23:59:59.999,16272107312.50839,8360576,3203973.532,8355953157.99743,0
2024-11-07 00:00:00.000,2722.5,2916.56,2700.31,2895.76,5207698.306,2024-11-07 23:59:59.999,14756353987.53820,7200619,2573722.710,7294142221.69339,0
2024-11-08 00:00:00.000,2895.76,2982.75,2886.47,2962.12,3870167.008,2024-11-08 23:59:59.999,11332152551.52056,5787373,1923427.482,5633403581.36234,0
2024-11-09 00:00:00.000,2962.12,3158.66,2954.1,3127.03,3673317.244,2024-11-09 23:59:59.999,11173770610.26657,4998817,1829587.064,5568059228.63056,0
2024-11-10 00:00:00.000,3127.02,3252.28,3073.86,3185.19,5615528.884,2024-11-10 23:59:59.999,17861396070.51850,8319460,2731425.298,8690072177.09007,0
2024-11-11 00:00:00.000,3185.19,3392.06,3107.15,3375.02,6247550.0,2024-11-11 23:59:59.999,20262260007.34664,9405458,3090488.191,10026582648.42951,0
2024-11-12 00:00:00.000,3375.02,3449.0,3211.15,3245.98,6898960.493,2024-11-12 23:59:59.999,22813786244.09084,10356407,3364197.551,11130563501.01949,0
2024-11-13 00:00:00.000,3245.99,3335.0,3120.0,3188.9,5945632.887,2024-11-13 23:59:59.999,19122914369.90351,9306759,2849988.549,9168395150.13100,0
2024-11-14 00:00:00.000,3188.9,3242.31,3031.6,3061.03,4177386.799,2024-11-14 23:59:59.999,13169676243.66554,7152344,2006885.014,6330866943.53010,0
2024-11-15 00:00:00.000,3061.04,3133.68,3016.11,3091.75,3517544.364,2024-11-15 23:59:59.999,10790970529.49053,6167452,1731672.241,5313681896.51725,0
2024-11-16 00:00:00.000,3091.75,3222.69,3073.47,3134.72,2517322.736,2024-11-16 23:59:59.999,7933164452.94315,4435334,1214685.160,3827847188.49747,0
2024-11-17 00:00:00.000,3134.71,3164.8,3035.0,3078.09,3003350.309,2024-11-17 23:59:59.999,9311038693.96001,5162148,1430589.371,4436199564.86740,0
2024-11-18 00:00:00.000,3078.09,3228.0,3051.5,3210.48,4140524.369,2024-11-18 23:59:59.999,12964128792.03221,6611517,2060471.827,6455666075.86111,0
2024-11-19 00:00:00.000,3210.48,3224.83,3066.4,3109.34,3063837.655,2024-11-19 23:59:59.999,9570014970.63267,5223717,1428609.456,4461903184.33466,0
2024-11-20 00:00:00.000,3109.33,3162.25,3030.5,3071.05,3143204.946,2024-11-20 23:59:59.999,9732361141.30283,5403260,1507055.746,4667171846.00580,0
2024-11-21 00:00:00.000,3071.05,3389.99,3033.32,3358.42,5993751.26,2024-11-21 23:59:59.999,19501154177.75849,8809931,2983670.438,9700569839.46020,0
2024-11-22 00:00:00.000,3358.69,3429.99,3260.42,3330.05,3830379.399,2024-11-22 23:59:59.999,12761376613.46164,6619821,1807528.384,6023849791.06925,0
2024-11-23 00:00:00.000,3330.04,3498.94,3315.28,3396.33,4091652.282,2024-11-23 23:59:59.999,13914670591.29124,6400769,2006412.144,6823533100.17052,0
2024-11-24 00:00:00.000,3396.32,3453.0,3282.48,3362.98,3119510.218,2024-11-24 23:59:59.999,10467984857.78793,5305993,1481962.213,4973694848.56590,0
2024-11-25 00:00:00.000,3362.98,3549.91,3301.96,3416.92,6242839.345,2024-11-25 23:59:59.999,21540192689.67565,9119034,3070906.834,10598242196.68160,0
2024-11-26 00:00:00.000,3416.91,3464.95,3254.19,3327.17,4595675.477,2024-11-26 23:59:59.999,15396679931.86683,7787759,2151305.381,7208756745.13305,0
2024-11-27 00:00:00.000,3327.17,3688.0,3305.0,3655.88,4755415.766,2024-11-27 23:59:59.999,16658357985.87472,7249761,2381028.116,8343090194.49157,0
2024-11-28 00:00:00.000,3655.89,3664.31,3531.0,3581.58,3330702.226,2024-11-28 23:59:59.999,11972541460.78653,5370271,1566563.758,5633304565.93890,0
2024-11-29 00:00:00.000,3581.58,3649.28,3535.52,3594.5,2545976.992,2024-11-29 23:59:59.999,9140926324.62408,4178179,1251816.736,4495556928.06223,0
2024-11-30 00:00:00.000,3594.51,3742.18,3570.2,3705.73,2866770.739,2024-11-30 23:59:59.999,10530300461.19052,4705886,1419727.267,5215781645.98697,0
2024-12-01 00:00:00.000,3705.74,3750.67,3661.35,3711.24,2458452.706,2024-12-01 23:59:59.999,9116765142.49187,3980508,1186657.125,4401538796.69160,0
2024-12-02 00:00:00.000,3711.22,3766.0,3557.61,3646.26,4609268.921,2024-12-02 23:59:59.999,16810699964.70914,6989919,2184297.816,7967375336.51378,0
2024-12-03 00:00:00.000,3646.26,3673.9,3502.01,3616.82,3627143.717,2024-12-03 23:59:59.999,13040702466.41318,5579847,1674343.979,6022055423.76573,0
2024-12-04 00:00:00.000,3616.83,3891.0,3616.82,3840.75,5709329.425,2024-12-04 23:59:59.999,21470452009.98491,7540393,2816521.335,10595039911.10767,0
2024-12-05 00:00:00.000,3840.74,3960.0,3615.0,3787.31,6207399.404,2024-12-05 23:59:59.999,23960322079.33845,8358595,2979944.474,11512840370.27009,0
2024-12-06 00:00:00.000,3787.3,4092.83,3780.0,4001.75,4645126.843,2024-12-06 23:59:59.999,18350269886.27917,6808802,2323700.449,9181713824.96801,0
2024-12-07 00:00:00.000,4001.75,4028.69,3970.0,3999.79,1549576.994,2024-12-07 23:59:59.999,6195507333.44881,2841145,766277.364,3064085198.66848,0
2024-12-08 00:00:00.000,3999.8,4019.57,3926.0,4007.3,1787672.127,2024-12-08 23:59:59.999,7113810256.06474,2913808,842113.355,3352203336.28407,0
2024-12-09 00:00:00.000,4007.31,4010.67,3475.0,3712.55,6542091.049,2024-12-09 23:59:59.999,24835140845.08763,8692697,2994802.042,11378904345.47438,0
2024-12-10 00:00:00.000,3712.55,3781.29,3512.71,3628.4,5674583.192,2024-12-10 23:59:59.999,20720315245.43261,9072630,2725358.243,9955856324.72222,0
2024-12-11 00:00:00.000,3628.41,3846.95,3562.65,3830.44,3007758.489,2024-12-11 23:59:59.999,11214285319.67592,4897003,1525449.955,5689438995.53688,0
2024-12-12 00:00:00.000,3830.44,3986.94,3795.25,3880.52,3937234.533,2024-12-12 23:59:59.999,15409323839.82955,5818628,1985618.845,7772735668.18599,0
2024-12-13 00:00:00.000,3880.52,3967.96,3851.8,3905.6,2515017.007,2024-12-13 23:59:59.999,9833909791.77788,4331617,1238063.504,4841140658.59578,0
2024-12-14 00:00:00.000,3905.59,3944.99,3822.37,3868.6,1893829.596,2024-12-14 23:59:59.999,7351171432.14136,3160535,887295.765,3444822500.05477,0
2024-12-15 00:00:00.000,3868.6,3973.67,3829.0,3958.5,1930757.605,2024-12-15 23:59:59.999,7507505193.11604,3277273,982466.086,3820794393.93937,0
2024-12-16 00:00:00.000,3958.5,4109.99,3882.22,3984.76,4190982.527,2024-12-16 23:59:59.999,16710873556.97649,6216546,2097774.433,8368050220.29274,0
2024-12-17 00:00:00.000,3984.76,4039.99,3844.59,3890.81,3370320.436,2024-12-17 23:59:59.999,13360231433.72831,5614565,1579633.915,6264690646.85175,0
2024-12-18 00:00:00.000,3890.81,3908.0,3615.01,3625.4,4440453.127,2024-12-18 23:59:59.999,16816522852.99123,6976069,2102593.920,7969858744.15421,0
2024-12-19 00:00:00.000,3625.41,3718.47,3322.2,3416.7,7030380.882,2024-12-19 23:59:59.999,24823675205.22244,9527951,3295348.923,11642415982.92708,0
2024-12-20 00:00:00.000,3416.69,3496.54,3100.0,3470.88,7970055.665,2024-12-20 23:59:59.999,26389990584.74834,11426850,3875255.841,12842561186.34769,0
2024-12-21 00:00:00.000,3470.88,3553.76,3291.03,3337.6,3404611.235,2024-12-21 23:59:59.999,11644433705.20112,5947133,1679796.876,5746713370.16594,0
2024-12-22 00:00:00.000,3337.61,3402.08,3219.59,3280.8,2966199.056,2024-12-22 23:59:59.999,9842978680.88034,5584169,1429940.748,4745768813.80000,0
2024-12-23 00:00:00.000,3280.81,3465.75,3214.81,3420.74,3962458.373,2024-12-23 23:59:59.999,13190179748.46324,7238929,2004140.486,6671966355.79839,0
2024-12-24 00:00:00.000,3420.75,3539.4,3356.01,3491.97,2605267.471,2024-12-24 23:59:59.999,8973870641.82960,4818980,1287705.747,4435913698.97661,0
2024-12-25 00:00:00.000,3491.98,3547.01,3439.0,3495.72,1695270.242,2024-12-25 23:59:59.999,5907497938.82275,3650750,827736.190,2885165009.17183,0
2024-12-26 00:00:00.000,3495.73,3514.32,3302.73,3333.15,2522058.848,2024-12-26 23:59:59.999,8516052603.49187,4781849,1225262.667,4137077319.50676,0
2024-12-27 00:00:00.000,3333.15,3444.0,3306.0,3332.09,2851118.849,2024-12-27 23:59:59.999,9587300667.28414,5136868,1439850.134,4843313533.87734,0
2024-12-28 00:00:00.000,3332.1,3427.5,3320.92,3402.54,1144976.458,2024-12-28 23:59:59.999,3854924407.36522,2652570,594905.416,2003655549.75450,0
2024-12-29 00:00:00.000,3402.53,3413.0,3324.63,3355.46,1333521.072,2024-12-29 23:59:59.999,4496507392.42402,2762491,643136.681,2168689967.64379,0
2024-12-30 00:00:00.000,3355.46,3436.86,3302.2,3360.11,2953842.227,2024-12-30 23:59:59.999,9963737593.70885,5234356,1445604.483,4877640853.60689,0
2024-12-31 00:00:00.000,3360.1,3452.0,3313.96,3336.57,2093246.431,2024-12-31 23:59:59.999,7069312807.88444,4080566,1054991.234,3563546380.60546,0
2025-01-01 00:00:00.000,3336.58,3374.14,3312.62,3359.36,1271279.84,2025-01-01 23:59:59.999,4251757543.55900,2495858,615148.142,2057993538.03690,0
2025-01-02 00:00:00.000,3359.35,3511.14,3353.5,3454.83,2410080.281,2025-01-02 23:59:59.999,8305215215.90076,4191874,1223609.847,4217548581.68521,0
2025-01-03 00:00:00.000,3454.83,3630.0,3421.56,3607.89,2490827.774,2025-01-03 23:59:59.999,8794485642.80913,3824612,1318441.788,4657456694.24025,0
2025-01-04 00:00:00.000,3607.9,3670.0,3570.66,3655.99,1729182.603,2025-01-04 23:59:59.999,6258393811.64672,2814665,868428.672,3144074180.06389,0
2025-01-05 00:00:00.000,3655.98,3674.71,3592.14,3634.96,1270073.705,2025-01-05 23:59:59.999,4607192518.94134,2339287,607379.963,2203646776.53285,0
2025-01-06 00:00:00.000,3634.96,3744.28,3609.0,3685.72,2686061.958,2025-01-06 23:59:59.999,9863288922.11345,4321666,1345080.084,4939987354.75113,0
2025-01-07 00:00:00.000,3685.72,3700.31,3353.59,3379.38,4062657.507,2025-01-07 23:59:59.999,14252747060.47262,5634409,1875588.638,6577669616.83248,0
2025-01-08 00:00:00.000,3379.37,3413.55,3206.54,3325.38,3959258.697,2025-01-08 23:59:59.999,13155227894.48453,6453587,1890117.638,6282510869.87341,0
2025-01-09 00:00:00.000,3325.38,3355.85,3156.0,3218.24,3639862.647,2025-01-09 23:59:59.999,11896491217.83481,5760409,1763218.385,5767158353.11324,0
2025-01-10 00:00:00.000,3218.24,3323.0,3193.43,3265.52,2960794.58,2025-01-10 23:59:59.999,9661186776.60014,5058295,1487105.834,4852470031.16315,0
2025-01-11 00:00:00.000,3265.51,3319.3,3217.36,3281.84,1182807.831,2025-01-11 23:59:59.999,3857529545.80479,2383604,577956.481,1885336408.84794,0
2025-01-12 00:00:00.000,3281.85,3299.0,3222.4,3265.7,1348856.48,2025-01-12 23:59:59.999,4400527896.12045,2318386,664990.782,2170020593.28220,0
2025-01-13 00:00:00.000,3265.7,3338.32,2900.0,3136.14,6106720.33,2025-01-13 23:59:59.999,18939529755.40154,8221072,2855217.437,8864393496.03090,0
2025-01-14 00:00:00.000,3136.13,3255.84,3123.47,3223.99,2714405.364,2025-01-14 23:59:59.999,8679677888.80398,4303464,1367286.965,4372399325.80699,0
2025-01-15 00:00:00.000,3223.99,3472.93,3185.09,3449.8,3291912.768,2025-01-15 23:59:59.999,10893084885.66243,5031400,1704547.096,5645583974.27235,0
2025-01-16 00:00:00.000,3449.81,3458.99,3263.06,3306.94,3258757.747,2025-01-16 23:59:59.999,10868089745.35856,4977573,1571692.587,5239868285.96674,0
2025-01-17 00:00:00.000,3306.93,3524.85,3306.41,3472.38,3028696.472,2025-01-17 23:59:59.999,10352213034.17833,4763847,1531930.996,5236338396.61238,0
2025-01-18 00:00:00.000,3472.38,3492.95,3225.65,3306.7,4090676.503,2025-01-18 23:59:59.999,13548917336.79446,6150871,1959708.400,6489711095.85026,0
2025-01-19 00:00:00.000,3306.71,3449.77,3129.63,3214.15,6927128.105,2025-01-19 23:59:59.999,22763925109.29559,10057528,3348002.079,11005852998.54553,0
2025-01-20 00:00:00.000,3214.16,3455.76,3141.25,3283.2,6609534.854,2025-01-20 23:59:59.999,21889087510.73756,11066288,3235175.540,10715924107.79865,0
2025-01-21 00:00:00.000,3283.21,3367.95,3203.5,3326.72,3033556.395,2025-01-21 23:59:59.999,9966801739.68548,6525708,1498452.750,4924309859.38527,0
2025-01-22 00:00:00.000,3326.71,3365.97,3220.82,3242.0,2024070.863,2025-01-22 23:59:59.999,6660317063.70819,3776171,974351.864,3207248239.88301,0
2025-01-23 00:00:00.000,3241.99,3347.7,3177.0,3337.88,3535707.19,2025-01-23 23:59:59.999,11472361370.01663,5699609,1749326.834,5679197459.73212,0
2025-01-24 00:00:00.000,3337.87,3429.99,3273.94,3308.62,2912997.928,2025-01-24 23:59:59.999,9802499198.84368,4855648,1424511.271,4795228278.33115,0
2025-01-25 00:00:00.000,3308.61,3349.8,3266.53,3317.91,1413725.645,2025-01-25 23:59:59.999,4677740699.24074,2547080,698542.343,2311676498.99401,0
2025-01-26 00:00:00.000,3317.91,3363.0,3226.57,3230.5,1594638.892,2025-01-26 23:59:59.999,5270139297.22366,2489479,776163.359,2566538229.83282,0
2025-01-27 00:00:00.000,3230.5,3253.19,3020.17,3180.99,4938995.28,2025-01-27 23:59:59.999,15403932237.78285,7896616,2362912.376,7368829155.19222,0
2025-01-28 00:00:00.000,3181.0,3221.98,3038.0,3075.96,2591573.539,2025-01-28 23:59:59.999,8171948114.91113,4409549,1251140.678,3946635488.79512,0
2025-01-29 00:00:00.000,3075.96,3180.93,3052.88,3112.55,2863466.609,2025-01-29 23:59:59.999,8927573088.10282,4611145,1400448.250,4366475580.69164,0
2025-01-30 00:00:00.000,3112.54,3282.6,3089.0,3245.86,2475377.574,2025-01-30 23:59:59.999,7974693345.67408,3862855,1252205.419,4033195457.87294,0
2025-01-31 00:00:00.000,3245.86,3436.39,3212.31,3299.5,4130284.914,2025-01-31 23:59:59.999,13725006593.75213,5905329,2115511.843,7030998267.40278,0
2025-02-01 00:00:00.000,3299.5,3330.82,3100.67,3116.22,2633608.712,2025-02-01 23:59:59.999,8499351382.94312,4302085,1265837.293,4085863701.69285,0
2025-02-02 00:00:00.000,3116.23,3161.86,2736.01,2868.05,6388796.102,2025-02-02 23:59:59.999,19055247283.49321,8534522,2941141.576,8781009335.79179,0
2025-02-03 00:00:00.000,2868.06,2919.34,2080.19,2878.69,13603740.638,2025-02-03 23:59:59.999,35522362935.68567,16305538,6480558.167,16957130073.75955,0
2025-02-04 00:00:00.000,2878.68,2888.8,2630.5,2730.03,6593771.039,2025-02-04 23:59:59.999,18187127049.63802,9436433,3208926.614,8852676455.99420,0
2025-02-05 00:00:00.000,2730.06,2827.98,2697.95,2787.0,4064890.548,2025-02-05 23:59:59.999,11224931437.28863,6582885,2053260.147,5670962827.82402,0
2025-02-06 00:00:00.000,2787.0,2857.43,2650.0,2685.25,3677522.354,2025-02-06 23:59:59.999,10141418543.39581,6165527,1797248.004,4957003634.15325,0
2025-02-07 00:00:00.000,2685.26,2796.12,2560.68,2620.66,4069680.275,2025-02-07 23:59:59.999,10974565824.99491,6107627,2006273.161,5410387201.05769,0
2025-02-08 00:00:00.000,2620.66,2667.15,2587.05,2630.99,1942560.926,2025-02-08 23:59:59.999,5096919779.54318,3573156,943994.894,2477172310.96196,0
2025-02-09 00:00:00.000,2630.99,2698.0,2518.12,2626.07,2482123.177,2025-02-09 23:59:59.999,6517077908.61138,3829711,1219193.699,3203900311.08530,0
2025-02-10 00:00:00.000,2626.07,2692.99,2556.91,2659.99,2710643.453,2025-02-10 23:59:59.999,7161385120.35718,4370981,1335475.116,3529731962.63747,0
2025-02-11 00:00:00.000,2659.99,2724.49,2552.88,2601.03,3346333.954,2025-02-11 23:59:59.999,8891252694.05344,4862893,1662445.621,4418382186.87985,0
2025-02-12 00:00:00.000,2601.03,2794.99,2542.21,2737.14,4299721.893,2025-02-12 23:59:59.999,11338821415.09216,6108125,2193959.374,5788551473.30255,0
2025-02-13 00:00:00.000,2737.14,2756.51,2610.72,2674.52,2864504.217,2025-02-13 23:59:59.999,7647282889.61602,4600272,1387546.987,3705339004.19032,0
2025-02-14 00:00:00.000,2674.52,2791.0,2662.97,2724.74,2712685.991,2025-02-14 23:59:59.999,7376575654.51473,4104315,1382689.231,3760120810.32407,0
2025-02-15 00:00:00.000,2724.75,2738.0,2655.31,2691.73,1286579.513,2025-02-15 23:59:59.999,3475638111.76326,2309993,628974.632,1699817842.48218,0
2025-02-16 00:00:00.000,2691.74,2726.27,2643.75,2660.0,1494743.59,2025-02-16 23:59:59.999,4018205916.31638,2409156,731168.303,1965905960.60474,0
2025-02-17 00:00:00.000,2660.01,2848.76,2632.81,2743.0,4114492.169,2025-02-17 23:59:59.999,11283662723.02560,5943057,2093785.363,5744425640.17338,0
2025-02-18 00:00:00.000,2742.99,2755.85,2604.18,2670.57,3579587.482,2025-02-18 23:59:59.999,9562328030.28426,5644317,1759618.233,4701564881.49133,0
2025-02-19 00:00:00.000,2670.56,2736.12,2654.82,2714.06,2404564.481,2025-02-19 23:59:59.999,6500235666.03633,4005103,1196407.487,3234746946.44008,0
2025-02-20 00:00:00.000,2714.06,2770.5,2705.64,2736.87,2363654.302,2025-02-20 23:59:59.999,6466026934.31328,3607017,1192450.920,3262646528.97892,0
2025-02-21 00:00:00.000,2736.86,2845.0,2614.76,2660.85,6002308.013,2025-02-21 23:59:59.999,16395699595.42658,7401548,2944404.496,8046233496.85266,0
2025-02-22 00:00:00.000,2660.86,2797.21,2651.24,2762.01,2505671.695,2025-02-22 23:59:59.999,6842920190.09954,3824433,1297031.945,3542804619.45823,0
2025-02-23 00:00:00.000,2762.0,2860.9,2743.62,2818.54,3105005.707,2025-02-23 23:59:59.999,8691240349.61590,4242168,1610505.460,4509467434.50232,0
2025-02-24 00:00:00.000,2818.54,2839.0,2466.34,2512.27,5891164.461,2025-02-24 23:59:59.999,15678064597.92875,7508388,2759086.430,7348645941.89709,0
2025-02-25 00:00:00.000,2512.26,2532.89,2287.13,2494.45,8206583.668,2025-02-25 23:59:59.999,19928703161.05617,10118302,4039684.105,9813460885.71888,0
2025-02-26 00:00:00.000,2494.46,2506.45,2252.78,2335.33,6596169.478,2025-02-26 23:59:59.999,15709746317.00698,8080597,3219718.088,7670198249.31079,0
2025-02-27 00:00:00.000,2335.34,2381.44,2229.0,2306.66,4574087.764,2025-02-27 23:59:59.999,10613578529.53697,6859702,2277133.232,5285145831.57178,0
2025-02-28 00:00:00.000,2306.65,2313.24,2070.0,2236.59,9311975.744,2025-02-28 23:59:59.999,20155770931.98017,10228954,4566915.710,9883952776.08994,0
2025-03-01 00:00:00.000,2236.59,2279.75,2141.17,2216.6,3472964.049,2025-03-01 23:59:59.999,7675941044.45444,4872005,1725523.669,3814755673.50512,0
2025-03-02 00:00:00.000,2216.59,2550.0,2170.09,2517.12,8185197.482,2025-03-02 23:59:59.999,19298748978.32240,8624437,4108249.203,9687283352.92682,0
2025-03-03 00:00:00.000,2517.12,2522.84,2094.76,2148.22,7766111.123,2025-03-03 23:59:59.999,17763555710.17462,8934040,3763800.996,8606364051.71794,0
2025-03-04 00:00:00.000,2148.21,2221.77,1979.99,2170.51,9151176.202,2025-03-04 23:59:59.999,19172619410.64978,9740234,4534616.164,9507240471.15028,0
2025-03-05 00:00:00.000,2170.51,2272.94,2153.7,2240.45,4626954.982,2025-03-05 23:59:59.999,10203548846.28264,6335846,2300712.625,5073653174.16326,0
2025-03-06 00:00:00.000,2240.44,2318.99,2175.5,2201.34,4574430.922,2025-03-06 23:59:59.999,10285345864.60901,5917170,2268856.353,5102298017.30968,0
2025-03-07 00:00:00.000,2201.33,2259.34,2100.75,2140.72,6125675.539,2025-03-07 23:59:59.999,13304167980.79210,7032283,3031836.483,6588141512.91993,0
2025-03-08 00:00:00.000,2140.72,2234.4,2103.07,2202.84,2667066.135,2025-03-08 23:59:59.999,5789724228.38603,3621608,1331884.254,2892015204.88430,0
2025-03-09 00:00:00.000,2202.83,2211.27,1986.8,2019.2,4793159.949,2025-03-09 23:59:59.999,9975230599.77414,5344226,2286344.772,4758086023.15528,0
2025-03-10 00:00:00.000,2019.34,2152.99,1807.75,1864.51,9275180.166,2025-03-10 23:59:59.999,18408884029.18970,9087174,4554027.084,9046308083.40610,0
2025-03-11 00:00:00.000,1864.52,1969.77,1752.5,1922.61,9136006.396,2025-03-11 23:59:59.999,17227796967.52857,8722650,4541586.247,8567530625.19416,0
2025-03-12 00:00:00.000,1922.6,1955.9,1828.87,1907.24,7503776.831,2025-03-12 23:59:59.999,14203682998.01653,7532109,3709394.235,7021561199.93638,0
2025-03-13 00:00:00.000,1907.23,1922.0,1820.2,1863.76,5305883.8,2025-03-13 23:59:59.999,9948069773.52003,5675270,2659467.581,4987627615.03157,0
2025-03-14 00:00:00.000,1863.75,1945.62,1860.41,1910.79,3494472.929,2025-03-14 23:59:59.999,6671244395.27386,3927410,1725907.310,3295484945.22168,0
2025-03-15 00:00:00.000,1910.78,1957.68,1902.47,1936.27,1877714.35,2025-03-15 23:59:59.999,3622201820.57880,2231484,949440.396,1831582722.21787,0
2025-03-16 00:00:00.000,1936.26,1940.0,1857.08,1885.97,3167735.396,2025-03-16 23:59:59.999,6011743941.36257,3402409,1537218.924,2916803790.34754,0
2025-03-17 00:00:00.000,1885.96,1951.76,1878.66,1925.37,3207773.053,2025-03-17 23:59:59.999,6139548873.01509,3575683,1650005.174,3158172705.42109,0
2025-03-18 00:00:00.000,1925.36,1935.44,1871.14,1930.64,3234486.937,2025-03-18 23:59:59.999,6137726089.38187,3516338,1625529.117,3085193059.25748,0
2025-03-19 00:00:00.000,1930.63,2069.69,1927.12,2055.21,6384300.0,2025-03-19 23:59:59.999,12803727155.08538,5746415,3279088.449,6575933924.60700,0
2025-03-20 00:00:00.000,2055.22,2067.15,1951.15,1982.72,4033783.537,2025-03-20 23:59:59.999,8041021162.65686,4117538,2005691.385,3997778024.12804,0
2025-03-21 00:00:00.000,1982.72,1995.8,1932.0,1964.81,2832280.447,2025-03-21 23:59:59.999,5564742710.62003,3135671,1388499.854,2728567940.85995,0
2025-03-22 00:00:00.000,1964.81,2006.0,1963.41,1979.56,1718916.027,2025-03-22 23:59:59.999,3416534601.99354,1935358,870115.902,1729647223.44446,0
2025-03-23 00:00:00.000,1979.55,2020.0,1975.51,2005.0,2158448.476,2025-03-23 23:59:59.999,4319576854.24840,2265905,1089547.181,2180638428.59431,0
2025-03-24 00:00:00.000,2005.0,2104.24,1976.46,2080.41,4667944.526,2025-03-24 23:59:59.999,9631402684.10723,4085104,2361909.778,4872371586.17381,0
2025-03-25 00:00:00.000,2080.4,2097.21,2036.0,2065.22,3242153.268,2025-03-25 23:59:59.999,6691890455.39850,3220265,1606037.620,3315296041.44611,0
2025-03-26 00:00:00.000,2065.22,2077.7,1980.41,2008.69,3880044.941,2025-03-26 23:59:59.999,7879878138.20578,3492271,1880653.480,3820157628.20809,0
2025-03-27 00:00:00.000,2008.69,2036.88,1985.71,2002.8,3264548.453,2025-03-27 23:59:59.999,6574214809.55443,3096611,1646447.967,3316246309.16078,0
2025-03-28 00:00:00.000,2002.8,2015.09,1854.2,1896.02,5692204.684,2025-03-28 23:59:59.999,10883235596.21066,4743653,2736513.654,5229513002.15931,0
2025-03-29 00:00:00.000,1896.03,1912.94,1796.13,1827.32,4384848.185,2025-03-29 23:59:59.999,8107139348.98921,3790968,2091504.104,3866911734.29700,0
2025-03-30 00:00:00.000,1827.31,1848.08,1766.04,1806.99,3858562.08,2025-03-30 23:59:59.999,7004957696.26900,3138363,1919041.186,3484942942.24433,0
2025-03-31 00:00:00.000,1806.99,1853.34,1775.92,1821.59,5212530.713,2025-03-31 23:59:59.999,9460349315.84653,4334263,2687062.021,4877787184.99967,0
2025-04-01 00:00:00.000,1821.59,1927.79,1816.64,1904.21,4671744.603,2025-04-01 23:59:59.999,8777533006.34936,3992479,2413022.953,4533951055.47618,0
2025-04-02 00:00:00.000,1904.21,1957.97,1780.52,1794.1,7079855.203,2025-04-02 23:59:59.999,13280295671.59771,5670908,3533944.554,6633016737.75419,0
2025-04-03 00:00:00.000,1794.11,1844.97,1747.47,1816.48,5186368.349,2025-04-03 23:59:59.999,9300377779.38570,4700592,2589510.410,4645603386.97213,0
2025-04-04 00:00:00.000,1816.48,1834.7,1757.52,1815.97,6221114.502,2025-04-04 23:59:59.999,11189347191.90998,5349009,3061559.411,5508024739.30190,0
2025-04-05 00:00:00.000,1815.97,1826.63,1761.18,1805.15,2358927.115,2025-04-05 23:59:59.999,4240858358.66691,1981013,1163732.038,2092524177.92560,0
2025-04-06 00:00:00.000,1805.14,1816.38,1535.27,1579.98,9388042.765,2025-04-06 23:59:59.999,15611375780.35225,6387942,4506752.280,7488356740.89301,0
2025-04-07 00:00:00.000,1579.98,1638.47,1410.0,1552.44,17632071.352,2025-04-07 23:59:59.999,26972327209.18665,11894988,8763427.953,13412695415.90747,0
2025-04-08 00:00:00.000,1552.44,1618.0,1441.62,1472.67,9197866.83,2025-04-08 23:59:59.999,14045598156.57310,7003932,4532803.809,6922053921.32389,0
2025-04-09 00:00:00.000,1472.68,1688.0,1384.0,1668.69,16116570.623,2025-04-09 23:59:59.999,24474452374.02393,10373055,8159600.808,12401021687.99441,0
2025-04-10 00:00:00.000,1668.7,1669.19,1470.84,1521.57,9945193.041,2025-04-10 23:59:59.999,15502627233.05013,7258777,4897976.943,7634066370.94482,0
2025-04-11 00:00:00.000,1521.56,1590.88,1503.63,1565.96,6468082.686,2025-04-11 23:59:59.999,10065984172.36663,5366345,3294719.542,5129458418.20909,0
2025-04-12 00:00:00.000,1565.97,1669.85,1545.06,1643.6,5604513.987,2025-04-12 23:59:59.999,9064527082.06725,4250664,2864503.819,4633303143.64378,0
2025-04-13 00:00:00.000,1643.6,1649.2,1559.4,1596.92,6495362.492,2025-04-13 23:59:59.999,10425865231.32820,5218372,3270743.433,5251065840.92114,0
2025-04-14 00:00:00.000,1596.93,1691.57,1594.73,1623.02,6972175.93,2025-04-14 23:59:59.999,11461353410.02934,5742331,3456941.304,5683356146.31344,0
2025-04-15 00:00:00.000,1623.02,1660.68,1582.14,1588.0,5330097.578,2025-04-15 23:59:59.999,8655053492.30134,4227971,2615528.224,4247985442.41171,0
2025-04-16 00:00:00.000,1588.0,1614.95,1537.56,1576.58,7222095.782,2025-04-16 23:59:59.999,11399051627.39225,5261614,3650034.701,5762565109.16009,0
2025-04-17 00:00:00.000,1576.57,1616.81,1562.26,1582.84,4942514.542,2025-04-17 23:59:59.999,7867233863.14387,3714504,2446749.936,3895371312.00331,0
2025-04-18 00:00:00.000,1582.84,1600.0,1572.65,1587.91,2400463.737,2025-04-18 23:59:59.999,3807791936.43141,1906813,1199145.973,1902371619.14464,0
2025-04-19 00:00:00.000,1587.91,1632.29,1584.01,1612.44,2503971.109,2025-04-19 23:59:59.999,4018736527.91098,2012580,1290665.877,2071361038.24393,0
2025-04-20 00:00:00.000,1612.45,1618.46,1564.69,1586.56,3100920.987,2025-04-20 23:59:59.999,4922880313.28205,2243513,1500737.892,2382793817.71072,0
2025-04-21 00:00:00.000,1586.57,1658.0,1560.62,1578.64,7470078.354,2025-04-21 23:59:59.999,12051145787.21652,4794348,3746753.045,6049832854.19654,0
2025-04-22 00:00:00.000,1578.63,1779.02,1535.0,1755.57,10307669.455,2025-04-22 23:59:59.999,17105891545.17911,6832643,5326485.655,8848686848.18484,0
2025-04-23 00:00:00.000,1755.58,1838.0,1744.3,1794.46,8309523.12,2025-04-23 23:59:59.999,14884457486.24906,6412708,4136421.326,7410640115.04715,0
2025-04-24 00:00:00.000,1794.45,1802.27,1721.22,1768.8,5247333.371,2025-04-24 23:59:59.999,9233374360.04720,4179010,2575922.944,4533164906.50310,0
2025-04-25 00:00:00.000,1768.79,1826.91,1737.4,1783.77,5989110.176,2025-04-25 23:59:59.999,10683768505.19271,4602956,2962400.681,5285395337.56243,0
2025-04-26 00:00:00.000,1783.76,1841.49,1777.31,1820.0,3965587.849,2025-04-26 23:59:59.999,7150557099.82798,3192958,1938494.458,3496189262.45883,0
2025-04-27 00:00:00.000,1819.99,1857.0,1780.25,1790.21,3619555.606,2025-04-27 23:59:59.999,6545876836.53077,3088596,1773263.314,3207811902.15749,0
2025-04-28 00:00:00.000,1790.22,1826.71,1742.15,1799.22,6352728.687,2025-04-28 23:59:59.999,11349439257.29635,4714470,3161654.680,5650896900.95027,0
2025-04-29 00:00:00.000,1799.21,1842.82,1779.36,1796.57,5315318.445,2025-04-29 23:59:59.999,9636124239.94526,4148644,2663449.842,4829126754.52726,0
2025-04-30 00:00:00.000,1796.57,1816.0,1730.6,1792.71,5626543.488,2025-04-30 23:59:59.999,10019083575.07204,4037432,2787529.470,4964551984.84229,0
2025-05-01 00:00:00.000,1792.71,1872.71,1791.55,1837.19,5360708.038,2025-05-01 23:59:59.999,9845482567.69241,3726576,2723048.841,5001039618.03466,0
2025-05-02 00:00:00.000,1837.18,1871.06,1812.0,1841.22,4329970.344,2025-05-02 23:59:59.999,7960281598.84561,3245598,2154991.660,3962680250.54521,0
2025-05-03 00:00:00.000,1841.22,1848.0,1807.75,1832.55,2801643.56,2025-05-03 23:59:59.999,5123783033.42071,2040283,1366933.510,2500239335.52779,0
2025-05-04 00:00:00.000,1832.55,1849.53,1801.71,1807.87,3055757.356,2025-05-04 23:59:59.999,5590079217.07530,2419911,1494262.302,2734448212.41088,0
2025-05-05 00:00:00.000,1807.87,1832.98,1780.02,1819.43,4641355.365,2025-05-05 23:59:59.999,8394316571.89672,3278009,2289563.069,4142308029.89647,0
2025-05-06 00:00:00.000,1819.43,1820.3,1750.0,1816.22,5344191.56,2025-05-06 23:59:59.999,9539152683.93454,3821783,2587765.159,4620324770.55913,0
2025-05-07 00:00:00.000,1816.23,1850.0,1786.0,1810.14,5769207.963,2025-05-07 23:59:59.999,10500877576.81347,3932284,2883664.076,5249521996.66292,0
2025-05-08 00:00:00.000,1810.13,2227.0,1807.72,2206.54,13290171.723,2025-05-08 23:59:59.999,26775043415.66911,8811007,6898361.327,13880695413.16653,0
2025-05-09 00:00:00.000,2206.53,2490.75,2183.59,2344.3,13924417.937,2025-05-09 23:59:59.999,32335300573.60659,11017757,6953525.351,16144093007.88960,0
2025-05-10 00:00:00.000,2344.31,2600.76,2315.09,2581.91,9337754.747,2025-05-10 23:59:59.999,22823633374.33704,8375060,4688668.108,11467659834.44162,0
2025-05-11 00:00:00.000,2581.9,2608.0,2434.89,2513.48,7493744.561,2025-05-11 23:59:59.999,18805426565.15567,7173973,3591164.381,9012170899.02368,0
2025-05-12 00:00:00.000,2513.48,2624.84,2406.55,2494.16,9197060.865,2025-05-12 23:59:59.999,23177645097.88142,8291760,4465015.648,11257119574.26195,0
2025-05-13 00:00:00.000,2494.16,2738.62,2414.36,2678.59,8696179.007,2025-05-13 23:59:59.999,22321674127.76505,7578193,4313837.158,11072928866.74628,0
2025-05-14 00:00:00.000,2678.58,2724.96,2545.0,2608.74,6914278.151,2025-05-14 23:59:59.999,18124941984.93919,6788178,3332146.090,8736506619.90104,0
2025-05-15 00:00:00.000,2608.75,2646.1,2475.61,2547.75,8115677.622,2025-05-15 23:59:59.999,20701781487.27752,7482356,3947414.530,10073956370.91594,0
2025-05-16 00:00:00.000,2547.76,2648.68,2527.14,2535.72,5514825.122,2025-05-16 23:59:59.999,14259348442.34683,5588177,2676288.785,6922856885.02824,0
2025-05-17 00:00:00.000,2535.71,2537.63,2442.65,2474.09,5088864.02,2025-05-17 23:59:59.999,12632025371.53351,5112244,2460031.466,6105896488.12802,0
2025-05-18 00:00:00.000,2474.09,2587.52,2312.62,2496.98,8079064.264,2025-05-18 23:59:59.999,19985490224.21014,7026592,3839030.762,9501374357.09650,0
2025-05-19 00:00:00.000,2496.98,2546.97,2346.99,2526.87,8872894.591,2025-05-19 23:59:59.999,21684230990.30493,7830995,4441561.846,10857265699.95116,0
2025-05-20 00:00:00.000,2526.87,2588.0,2438.39,2523.09,6945963.632,2025-05-20 23:59:59.999,17457148458.04838,6688706,3413218.640,8580918186.31276,0
2025-05-21 00:00:00.000,2523.08,2615.46,2450.72,2550.26,10600046.776,2025-05-21 23:59:59.999,26847255635.16949,8757866,5212210.749,13199188480.06132,0
2025-05-22 00:00:00.000,2550.26,2692.61,2543.37,2663.72,6985054.685,2025-05-22 23:59:59.999,18416807932.67231,7426416,3422533.683,9023464129.06048,0
2025-05-23 00:00:00.000,2663.72,2734.3,2497.0,2525.39,9061544.83,2025-05-23 23:59:59.999,23651003468.51325,7995313,4409771.318,11510166538.76902,0
2025-05-24 00:00:00.000,2525.38,2574.5,2511.13,2529.27,2752527.948,2025-05-24 23:59:59.999,7010178346.24612,3086598,1333784.876,3397784455.16996,0
2025-05-25 00:00:00.000,2529.27,2553.0,2457.6,2550.03,4036746.533,2025-05-25 23:59:59.999,10112388538.50681,3902828,1995315.375,5000485169.12801,0
2025-05-26 00:00:00.000,2550.03,2598.6,2521.29,2562.43,3750834.338,2025-05-26 23:59:59.999,9600977643.38416,3388656,1870986.243,4790808393.40359,0
2025-05-27 00:00:00.000,2562.42,2711.8,2508.0,2659.84,6941172.913,2025-05-27 23:59:59.999,18256630414.12917,6343592,3596895.122,9461216336.05793,0
2025-05-28 00:00:00.000,2659.83,2689.13,2606.0,2680.4,5156133.407,2025-05-28 23:59:59.999,13632284869.34801,4658793,2587014.772,6841180605.41663,0
2025-05-29 00:00:00.000,2680.4,2788.88,2617.11,2630.3,7588357.955,2025-05-29 23:59:59.999,20452187002.00675,6807765,3750030.030,10108375095.51315,0
2025-05-30 00:00:00.000,2630.3,2648.42,2503.37,2529.63,6984847.342,2025-05-30 23:59:59.999,18079390292.12020,6515951,3340582.622,8648509286.29376,0
2025-05-31 00:00:00.000,2529.62,2550.0,2474.0,2527.08,3446829.335,2025-05-31 23:59:59.999,8685292710.63833,3643920,1709587.365,4309632778.87603,0
2025-06-01 00:00:00.000,2527.08,2547.0,2465.0,2537.89,3484871.729,2025-06-01 23:59:59.999,8755165625.15367,3465704,1701860.450,4276848373.22306,0
2025-06-02 00:00:00.000,2537.89,2614.2,2472.74,2606.48,5275446.384,2025-06-02 23:59:59.999,13325178539.07842,4846615,2651457.043,6700655914.24251,0
2025-06-03 00:00:00.000,2606.49,2654.98,2563.0,2592.16,5191907.18,2025-06-03 23:59:59.999,13577160885.22530,4398023,2590854.889,6777225037.61505,0
2025-06-04 00:00:00.000,2592.16,2679.64,2582.41,2606.62,5284587.533,2025-06-04 23:59:59.999,13890243223.44595,4353984,2634595.473,6925909898.69614,0
2025-06-05 00:00:00.000,2606.62,2640.0,2390.0,2412.9,8492400.72,2025-06-05 23:59:59.999,21556669894.86718,6705665,4072316.240,10341944526.61718,0
2025-06-06 00:00:00.000,2412.9,2529.67,2379.62,2475.38,5419019.543,2025-06-06 23:59:59.999,13390557409.25552,4539094,2677043.081,6618177821.62515,0
2025-06-07 00:00:00.000,2475.38,2545.0,2455.85,2523.4,2692914.761,2025-06-07 23:59:59.999,6733132072.13929,2371757,1380665.237,3452681137.26730,0
2025-06-08 00:00:00.000,2523.41,2548.02,2483.28,2508.32,2632952.539,2025-06-08 23:59:59.999,6620003823.64801,2211010,1279586.838,3218053737.45697,0
2025-06-09 00:00:00.000,2508.31,2693.2,2475.83,2679.12,5572543.306,2025-06-09 23:59:59.999,14246910954.41894,4499371,2865761.755,7332197576.39201,0
2025-06-10 00:00:00.000,2679.13,2827.0,2655.0,2815.74,8830157.515,2025-06-10 23:59:59.999,24154747930.96526,7107084,4473543.525,12237530696.86115,0
2025-06-11 00:00:00.000,2815.74,2879.0,2742.57,2770.34,7913878.569,2025-06-11 23:59:59.999,22221851409.53581,6969338,3890891.675,10927440613.38044,0
2025-06-12 00:00:00.000,2770.35,2783.9,2614.24,2641.38,7405894.267,2025-06-12 23:59:59.999,20158025803.52708,6130736,3594294.326,9788375166.18697,0
2025-06-13 00:00:00.000,2641.38,2644.32,2433.8,2578.09,11165882.996,2025-06-13 23:59:59.999,28202599088.19680,8865737,5428522.503,13709089735.96450,0
2025-06-14 00:00:00.000,2578.1,2578.18,2486.68,2529.66,3565324.383,2025-06-14 23:59:59.999,9006633899.97699,3119536,1732756.742,4377779231.19080,0
2025-06-15 00:00:00.000,2529.66,2559.76,2490.38,2546.32,3498181.69,2025-06-15 23:59:59.999,8854576371.88794,3073108,1779655.834,4505308956.03680,0
2025-06-16 00:00:00.000,2546.32,2680.0,2513.38,2543.12,7101649.996,2025-06-16 23:59:59.999,18500985118.57673,5630646,3534150.089,9210749109.49895,0
2025-06-17 00:00:00.000,2543.11,2617.74,2451.97,2508.99,8004120.988,2025-06-17 23:59:59.999,20276853861.58318,6296058,3951237.342,10012830755.46793,0
2025-06-18 00:00:00.000,2508.99,2547.35,2465.0,2523.49,6693705.668,2025-06-18 23:59:59.999,16787444513.80590,5415845,3306863.455,8294011443.89205,0
2025-06-19 00:00:00.000,2523.5,2546.29,2483.58,2520.18,3666746.681,2025-06-19 23:59:59.999,9226215331.05735,3069943,1861702.120,4685077417.70183,0
2025-06-20 00:00:00.000,2520.17,2568.56,2363.88,2405.42,7724171.787,2025-06-20 23:59:59.999,19117430362.24391,5638305,3692187.203,9145257789.81853,0
2025-06-21 00:00:00.000,2405.43,2447.96,2213.07,2294.63,6347781.449,2025-06-21 23:59:59.999,14926463759.45150,4817953,3017033.533,7102354945.72291,0
2025-06-22 00:00:00.000,2294.64,2312.96,2111.0,2226.33,10976426.378,2025-06-22 23:59:59.999,24395034719.55417,8628739,5414264.055,12034154146.36614,0
2025-06-23 00:00:00.000,2226.33,2440.0,2187.01,2410.39,10119602.037,2025-06-23 23:59:59.999,23160060525.87008,7962034,5109722.939,11705444379.32052,0
2025-06-24 00:00:00.000,2410.4,2481.28,2374.9,2447.58,6672609.972,2025-06-24 23:59:59.999,16167058360.26545,5447479,3346735.461,8112583560.51332,0
2025-06-25 00:00:00.000,2447.58,2467.84,2388.23,2417.28,5000125.213,2025-06-25 23:59:59.999,12136042753.07740,4754756,2477838.619,6015469628.08048,0
2025-06-26 00:00:00.000,2417.28,2520.0,2392.12,2414.54,5704994.512,2025-06-26 23:59:59.999,13986888156.97070,5199894,2828545.277,6938015854.22800,0
2025-06-27 00:00:00.000,2414.59,2463.38,2377.0,2422.06,4375482.494,2025-06-27 23:59:59.999,10621563197.78729,3895770,2189953.783,5317047428.52620,0
2025-06-28 00:00:00.000,2422.07,2447.42,2404.75,2434.8,1533911.759,2025-06-28 23:59:59.999,3723317923.01957,1550736,775516.127,1882778366.61757,0
2025-06-29 00:00:00.000,2434.8,2524.41,2406.45,2499.25,3066795.2,2025-06-29 23:59:59.999,7537795437.65051,2605239,1569650.553,3859243032.28087,0
2025-06-30 00:00:00.000,2499.25,2523.43,2431.87,2484.3,5172486.705,2025-06-30 23:59:59.999,12818199456.88197,4205127,2534986.833,6282717978.07530,0
2025-07-01 00:00:00.000,2484.3,2499.6,2383.33,2403.65,4506176.03,2025-07-01 23:59:59.999,10982509466.22594,3555794,2185180.831,5327648695.59392,0
2025-07-02 00:00:00.000,2403.66,2618.2,2367.53,2569.37,6609066.769,2025-07-02 23:59:59.999,16554772337.67924,4861645,3373379.310,8452615556.56550,0
2025-07-03 00:00:00.000,2569.37,2635.0,2555.25,2590.17,5268757.244,2025-07-03 23:59:59.999,13647187156.29036,4325630,2703056.509,7002399763.40586,0
2025-07-04 00:00:00.000,2590.18,2601.96,2473.07,2506.86,5033671.72,2025-07-04 23:59:59.999,12725393707.41595,4057479,2450111.773,6191557815.95106,0
2025-07-05 00:00:00.000,2506.87,2528.86,2486.31,2515.25,2011813.011,2025-07-05 23:59:59.999,5052102986.64698,1961577,983322.087,2469738327.26284,0
2025-07-06 00:00:00.000,2515.25,2607.08,2502.25,2569.14,3600165.163,2025-07-06 23:59:59.999,9172986497.63379,2976116,1836966.661,4680999555.50237,0
2025-07-07 00:00:00.000,2569.14,2589.88,2505.37,2541.37,4567857.773,2025-07-07 23:59:59.999,11644446527.06696,3841371,2263542.698,5770160028.45091,0
2025-07-08 00:00:00.000,2541.36,2627.83,2522.07,2613.97,4474456.244,2025-07-08 23:59:59.999,11532994545.81018,3704131,2272286.995,5857233183.79800,0
2025-07-09 00:00:00.000,2613.97,2795.73,2588.49,2767.7,7269179.795,2025-07-09 23:59:59.999,19472870001.08627,5653754,3768214.373,10101424349.21511,0
2025-07-10 00:00:00.000,2767.69,3010.44,2754.08,2950.62,8576372.082,2025-07-10 23:59:59.999,24350173415.15155,7003532,4321398.295,12281316816.41542,0
2025-07-11 00:00:00.000,2950.61,3040.95,2913.72,2956.93,8156318.681,2025-07-11 23:59:59.999,24321474191.78244,7658556,3956820.239,11800896395.05097,0
2025-07-12 00:00:00.000,2956.94,2979.0,2902.8,2941.87,3279022.65,2025-07-12 23:59:59.999,9646182328.47869,3419956,1599523.474,4706848048.03806,0
2025-07-13 00:00:00.000,2941.88,3019.52,2930.0,2970.37,3503115.926,2025-07-13 23:59:59.999,10415925230.63532,3582692,1751254.160,5207474502.12151,0
2025-07-14 00:00:00.000,2970.37,3083.0,2961.44,3012.26,6656768.639,2025-07-14 23:59:59.999,20170004457.45065,6645231,3340936.036,10124390186.23357,0
2025-07-15 00:00:00.000,3012.26,3144.48,2930.99,3137.62,8695662.537,2025-07-15 23:59:59.999,26257227282.62108,8482122,4329322.936,13077292555.03910,0
2025-07-16 00:00:00.000,3137.62,3423.47,3099.6,3370.55,9404285.667,2025-07-16 23:59:59.999,30571821987.93077,8722872,4762095.824,15490414485.51467,0
2025-07-17 00:00:00.000,3370.54,3524.0,3311.0,3476.65,8831516.299,2025-07-17 23:59:59.999,30197089749.63605,9706393,4351549.085,14881168716.19383,0
2025-07-18 00:00:00.000,3476.66,3674.43,3458.0,3546.36,9940209.861,2025-07-18 23:59:59.999,35671704359.38496,11072600,4848998.776,17406121457.46232,0
2025-07-19 00:00:00.000,3546.36,3608.0,3505.0,3591.31,3451544.417,2025-07-19 23:59:59.999,12293248411.83796,4428185,1699122.083,6052632282.12079,0
2025-07-20 00:00:00.000,3591.32,3826.0,3578.05,3755.67,7235342.352,2025-07-20 23:59:59.999,26908744578.77599,7720041,3552660.143,13210663152.58352,0
2025-07-21 00:00:00.000,3755.68,3857.82,3700.19,3760.96,6672579.311,2025-07-21 23:59:59.999,25225480585.51872,7816769,3210353.770,12138767029.60567,0
2025-07-22 00:00:00.000,3760.95,3798.58,3616.53,3746.01,7931786.206,2025-07-22 23:59:59.999,29306295168.48628,8579050,3797162.062,14032752633.29127,0
2025-07-23 00:00:00.000,3746.02,3764.08,3526.5,3627.49,6962184.377,2025-07-23 23:59:59.999,25314488743.70884,7072827,3282221.792,11938355891.69920,0
2025-07-24 00:00:00.000,3627.5,3772.63,3505.0,3706.2,7785869.615,2025-07-24 23:59:59.999,28454660354.48651,7988402,3841955.467,14043399496.17899,0
2025-07-25 00:00:00.000,3706.22,3746.42,3570.13,3724.17,7413357.205,2025-07-25 23:59:59.999,27126573043.76688,8386075,3637522.018,13311512882.89762,0
2025-07-26 00:00:00.000,3724.18,3795.2,3694.56,3740.0,3327830.068,2025-07-26 23:59:59.999,12459303545.27103,3430625,1655933.546,6202157184.68408,0
2025-07-27 00:00:00.000,3740.0,3878.53,3728.36,3871.47,4061335.758,2025-07-27 23:59:59.999,15482491667.55545,4559036,2038998.708,7776129232.82427,0
2025-07-28 00:00:00.000,3871.48,3940.81,3751.03,3796.0,6290790.926,2025-07-28 23:59:59.999,24175996255.18144,6687629,3043266.681,11703061854.16594,0
2025-07-29 00:00:00.000,3795.99,3885.43,3712.24,3791.55,6546244.159,2025-07-29 23:59:59.999,24860205422.37114,7087846,3230256.318,12270688952.66161,0
2025-07-30 00:00:00.000,3791.55,3832.61,3670.0,3808.67,5758788.738,2025-07-30 23:59:59.999,21736673459.65851,6641102,2819159.578,10642161411.12838,0
2025-07-31 00:00:00.000,3808.67,3878.0,3682.23,3696.58,5397334.756,2025-07-31 23:59:59.999,20469554422.85698,5989796,2632017.204,9987168063.63206,0
2025-08-01 00:00:00.000,3696.57,3722.9,3428.86,3486.42,9193572.267,2025-08-01 23:59:59.999,33128314776.46401,10694477,4392233.260,15838218917.15354,0
2025-08-02 00:00:00.000,3486.41,3536.48,3366.5,3392.42,5424066.49,2025-08-02 23:59:59.999,18754639855.72633,6590236,2620359.928,9062563249.15896,0
2025-08-03 00:00:00.000,3392.42,3520.97,3353.51,3495.0,3427531.227,2025-08-03 23:59:59.999,11864698196.98683,4146890,1754747.792,6074636130.57502,0
2025-08-04 00:00:00.000,3495.01,3735.0,3489.28,3719.42,5316512.393,2025-08-04 23:59:59.999,19236902829.45886,6075647,2677248.978,9687462431.98572,0
2025-08-05 00:00:00.000,3719.41,3720.1,3542.58,3610.19,5815168.146,2025-08-05 23:59:59.999,21058063277.99194,6592665,2798340.263,10134497863.50469,0
2025-08-06 00:00:00.000,3610.19,3697.39,3562.34,3681.21,4199037.186,2025-08-06 23:59:59.999,15227765255.91895,4916416,2067907.873,7500888476.52586,0
2025-08-07 00:00:00.000,3681.21,3926.38,3645.78,3908.4,5937102.226,2025-08-07 23:59:59.999,22547412157.43496,6237352,3029290.384,11504081909.95496,0
2025-08-08 00:00:00.000,3908.4,4070.0,3876.7,4009.05,6145342.857,2025-08-08 23:59:59.999,24345087579.61720,6968705,3066357.114,12148346381.28722,0
2025-08-09 00:00:00.000,4009.04,4325.24,4005.02,4259.1,6548032.73,2025-08-09 23:59:59.999,27432612279.33882,7055176,3293060.470,13794818979.60294,0
2025-08-10 00:00:00.000,4259.11,4331.99,4160.0,4248.77,4745124.651,2025-08-10 23:59:59.999,20053465752.63617,5986405,2272308.795,9604507149.15049,0
2025-08-11 00:00:00.000,4248.77,4370.0,4164.23,4221.31,7280638.345,2025-08-11 23:59:59.999,31097460175.20050,9226033,3535293.252,15101570850.51035,0
2025-08-12 00:00:00.000,4221.31,4640.0,4216.61,4589.31,8478717.163,2025-08-12 23:59:59.999,37479934448.83552,8681417,4303736.664,19037814775.53742,0
2025-08-13 00:00:00.000,4589.31,4783.62,4562.59,4748.37,7960032.485,2025-08-13 23:59:59.999,37251303664.17844,8944863,3920628.626,18350626200.55333,0
2025-08-14 00:00:00.000,4748.36,4794.0,4451.0,4545.26,10442559.67,2025-08-14 23:59:59.999,48290670951.46872,11233029,5023044.168,23228103400.42674,0
2025-08-15 00:00:00.000,4545.26,4670.23,4364.0,4437.16,7420333.141,2025-08-15 23:59:59.999,33482732351.53149,8626932,3622196.900,16347653790.36137,0
2025-08-16 00:00:00.000,4437.15,4488.33,4370.0,4420.22,3186954.848,2025-08-16 23:59:59.999,14093829789.04260,4233693,1519989.962,6722538100.52846,0
2025-08-17 00:00:00.000,4420.22,4574.95,4392.45,4470.66,4146129.176,2025-08-17 23:59:59.999,18646228010.40326,4914999,2029408.435,9127376785.19763,0
2025-08-18 00:00:00.000,4470.66,4480.0,4224.1,4311.73,8232985.759,2025-08-18 23:59:59.999,35575776951.64949,9593567,4035017.975,17436458268.33868,0
2025-08-19 00:00:00.000,4311.72,4354.22,4064.96,4073.94,7641112.186,2025-08-19 23:59:59.999,32204790715.55084,8963447,3659115.864,15432994509.22249,0
2025-08-20 00:00:00.000,4073.93,4376.13,4060.0,4334.5,7670009.51,2025-08-20 23:59:59.999,32383014019.12521,9070241,3826427.410,16155678903.04898,0
2025-08-21 00:00:00.000,4334.5,4338.94,4202.0,4223.7,4937369.302,2025-08-21 23:59:59.999,21078545366.69103,6587893,2385344.656,10184926938.87164,0
2025-08-22 00:00:00.000,4223.69,4888.49,4206.0,4830.37,11984283.633,2025-08-22 23:59:59.999,54750305193.79994,11643825,5966269.405,27254690713.37555,0
2025-08-23 00:00:00.000,4830.36,4830.37,4662.25,4777.26,3997279.661,2025-08-23 23:59:59.999,18933270794.15555,5001086,1947766.421,9225664643.83754,0
2025-08-24 00:00:00.000,4777.25,4957.67,4702.47,4778.32,6361395.851,2025-08-24 23:59:59.999,30592940074.78536,7265862,3143816.147,15125114823.27254,0
2025-08-25 00:00:00.000,4778.33,4796.8,4331.15,4374.25,9104476.925,2025-08-25 23:59:59.999,41589800131.29473,10159027,4340822.043,19829074713.34350,0
2025-08-26 00:00:00.000,4374.25,4632.92,4310.0,4598.49,6833123.715,2025-08-26 23:59:59.999,30589096262.84132,8818702,3417921.657,15302892617.25593,0
2025-08-27 00:00:00.000,4598.5,4662.5,4479.01,4504.84,5766618.714,2025-08-27 23:59:59.999,26459757592.68530,7415091,2782602.618,12769987160.50781,0
2025-08-28 00:00:00.000,4504.86,4633.12,4425.0,4509.1,4426437.919,2025-08-28 23:59:59.999,20065358628.09292,5601270,2179199.123,9879189296.56193,0
2025-08-29 00:00:00.000,4509.1,4514.66,4264.29,4358.65,6209654.111,2025-08-29 23:59:59.999,27104770526.17302,7454969,3023585.681,13197027708.48541,0
2025-08-30 00:00:00.000,4358.65,4414.45,4254.97,4372.0,2942714.992,2025-08-30 23:59:59.999,12802321816.86978,3583349,1435369.519,6247127309.51978,0
2025-08-31 00:00:00.000,4372.0,4498.0,4370.33,4389.58,3156027.534,2025-08-31 23:59:59.999,14051520790.23488,3770253,1557353.159,6934900979.36076,0
2025-09-01 00:00:00.000,4389.58,4490.0,4205.49,4313.0,5447493.883,2025-09-01 23:59:59.999,23773811619.81524,6589665,2658868.777,11610053107.00537,0
2025-09-02 00:00:00.000,4313.0,4414.73,4254.33,4324.59,5122607.494,2025-09-02 23:59:59.999,22199377296.74414,6799107,2523277.295,10934001772.52983,0
2025-09-03 00:00:00.000,4324.58,4488.36,4281.0,4448.22,3880391.161,2025-09-03 23:59:59.999,17044372656.69283,5119195,1910250.517,8391344991.77567,0
2025-09-04 00:00:00.000,4448.22,4480.99,4263.0,4295.68,4894116.686,2025-09-04 23:59:59.999,21342682503.19518,5688361,2385345.232,10402979550.93440,0
2025-09-05 00:00:00.000,4295.68,4494.45,4252.47,4305.71,6326357.485,2025-09-05 23:59:59.999,27575467859.60816,6969862,3144665.679,13709504358.49794,0
2025-09-06 00:00:00.000,4305.71,4327.0,4220.0,4271.69,2147554.767,2025-09-06 23:59:59.999,9195378104.55838,2490116,1027661.082,4401196364.95700,0
2025-09-07 00:00:00.000,4271.68,4336.05,4267.44,4303.84,1711470.552,2025-09-07 23:59:59.999,7351406415.13431,2167511,842909.915,3620996878.30009,0
2025-09-08 00:00:00.000,4303.83,4382.75,4276.21,4303.98,3546410.615,2025-09-08 23:59:59.999,15322973248.83397,4276268,1766976.332,7636008462.03931,0
2025-09-09 00:00:00.000,4303.97,4380.77,4275.0,4308.4,3523559.615,2025-09-09 23:59:59.999,15222966920.79079,4163833,1705285.733,7367839033.85386,0
2025-09-10 00:00:00.000,4308.41,4453.56,4283.0,4347.83,4432223.474,2025-09-10 23:59:59.999,19320820617.76293,4641071,2202701.077,9603634039.34492,0
2025-09-11 00:00:00.000,4347.83,4483.44,4328.88,4456.86,4235830.637,2025-09-11 23:59:59.999,18709241142.85245,4845793,2144185.223,9474069450.44940,0
2025-09-12 00:00:00.000,4456.87,4750.0,4448.35,4710.83,4819201.204,2025-09-12 23:59:59.999,22044074626.95246,5257367,2498943.807,11433035659.61851,0
2025-09-13 00:00:00.000,4710.82,4768.0,4603.0,4664.74,3171687.815,2025-09-13 23:59:59.999,14859966360.59650,3611292,1514533.803,7098240898.72099,0
2025-09-14 00:00:00.000,4664.74,4691.3,4575.0,4602.0,2511259.911,2025-09-14 23:59:59.999,11619139302.15607,2962617,1223889.018,5662945206.75829,0
2025-09-15 00:00:00.000,4602.0,4668.0,4463.0,4521.54,4176404.992,2025-09-15 23:59:59.999,18980591155.35112,4822542,2003037.077,9103609610.20994,0
2025-09-16 00:00:00.000,4521.54,4536.31,4421.01,4499.41,3109858.769,2025-09-16 23:59:59.999,13940782703.99469,3837838,1533778.727,6876185257.54886,0
2025-09-17 00:00:00.000,4499.41,4615.26,4404.08,4588.3,5124507.153,2025-09-17 23:59:59.999,23070604822.17107,5809176,2491509.715,11218670920.14310,0
2025-09-18 00:00:00.000,4588.31,4642.6,4551.75,4585.31,2928393.691,2025-09-18 23:59:59.999,13458754798.55331,3707936,1431908.227,6581842939.31912,0
2025-09-19 00:00:00.000,4585.32,4619.5,4433.0,4466.49,3411338.53,2025-09-19 23:59:59.999,15390394153.31296,3828856,1587235.426,7160962697.77853,0
2025-09-20 00:00:00.000,4466.48,4506.75,4451.62,4478.27,1210096.976,2025-09-20 23:59:59.999,5418567490.32544,1675624,608242.126,2723708343.49740,0
2025-09-21 00:00:00.000,4478.26,4497.01,4440.01,4443.01,1366255.572,2025-09-21 23:59:59.999,6106266734.79425,1854241,663045.681,2963864350.18824,0
2025-09-22 00:00:00.000,4443.0,4454.01,4000.88,4196.86,6100386.078,2025-09-22 23:59:59.999,25725810179.45994,7252729,2821549.443,11897302384.37024,0
2025-09-23 00:00:00.000,4196.87,4230.06,4112.43,4162.25,3491189.582,2025-09-23 23:59:59.999,14583116712.74314,4714029,1735353.502,7249186977.33441,0
2025-09-24 00:00:00.000,4162.25,4204.99,4070.0,4150.51,3047254.366,2025-09-24 23:59:59.999,12670384477.90497,4180129,1485681.454,6178787549.93948,0
2025-09-25 00:00:00.000,4150.51,4158.95,3822.0,3873.1,8452019.741,2025-09-25 23:59:59.999,33629986986.04217,9489735,4122867.032,16406478789.80459,0
2025-09-26 00:00:00.000,3873.1,4066.39,3866.0,4030.17,4740997.735,2025-09-26 23:59:59.999,18750388212.84918,6525096,2398852.841,9488726424.89693,0
2025-09-27 00:00:00.000,4030.17,4038.62,3971.45,4017.01,1763090.139,2025-09-27 23:59:59.999,7063334343.73820,2222512,881775.159,3533197152.40817,0
2025-09-28 00:00:00.000,4017.01,4143.05,3963.1,4139.55,2514830.299,2025-09-28 23:59:59.999,10149863141.77429,2976315,1325631.717,5353896576.72500,0
2025-09-29 00:00:00.000,4139.54,4234.27,4080.0,4212.98,3781396.686,2025-09-29 23:59:59.999,15694942048.56818,4749311,1882523.934,7814893363.99008,0
2025-09-30 00:00:00.000,4212.99,4246.87,4091.0,4142.75,3692892.942,2025-09-30 23:59:59.999,15345949182.53940,4968279,1794931.381,7458935038.67879,0
2025-10-01 00:00:00.000,4142.75,4356.07,4120.61,4345.85,4436505.357,2025-10-01 23:59:59.999,18930019542.68207,5512248,2235987.426,9538353705.26361,0
2025-10-02 00:00:00.000,4345.85,4516.65,4330.11,4481.7,4471666.244,2025-10-02 23:59:59.999,19726077711.08088,5935964,2248530.893,9921712912.45965,0
2025-10-03 00:00:00.000,4481.7,4590.83,4426.0,4511.11,4421328.072,2025-10-03 23:59:59.999,19877580078.88670,6208153,2182648.246,9815662543.44157,0
2025-10-04 00:00:00.000,4511.12,4515.8,4438.0,4484.79,1887541.368,2025-10-04 23:59:59.999,8456084877.82910,2751769,893559.521,4003645832.91710,0
2025-10-05 00:00:00.000,4484.79,4618.44,4465.01,4512.34,3476365.707,2025-10-05 23:59:59.999,15788381952.94410,5233806,1721023.346,7817691438.15410,0
2025-10-06 00:00:00.000,4512.35,4734.99,4486.05,4682.43,3988549.973,2025-10-06 23:59:59.999,18419617390.68043,5919219,2022274.459,9339403963.58013,0
2025-10-07 00:00:00.000,4682.42,4754.0,4422.44,4445.76,5946456.672,2025-10-07 23:59:59.999,27299951019.86175,7609815,2863875.407,13153232028.32008,0
2025-10-08 00:00:00.000,4445.77,4556.75,4408.69,4523.67,3755083.452,2025-10-08 23:59:59.999,16827127415.92555,6009027,1869314.316,8378163316.41122,0
2025-10-09 00:00:00.000,4523.66,4529.15,4262.55,4365.83,5102570.656,2025-10-09 23:59:59.999,22281784727.32817,6884022,2440006.551,10652493197.01764,0
2025-10-10 00:00:00.000,4365.83,4392.0,3400.0,3819.99,12017119.047,2025-10-10 23:59:59.999,47929937738.04511,15891025,5666179.165,22619258551.27069,0
2025-10-11 00:00:00.000,3820.0,3874.28,3640.0,3744.99,5215588.468,2025-10-11 23:59:59.999,19726835357.37149,9393255,2613387.766,9888803995.20522,0
2025-10-12 00:00:00.000,3744.99,4200.0,3692.96,4149.99,9472267.39,2025-10-12 23:59:59.999,37481577939.66282,10027905,4803223.613,18997320974.20802,0
2025-10-13 00:00:00.000,4150.0,4293.03,4034.12,4239.7,7867416.54,2025-10-13 23:59:59.999,32696882710.92269,9278748,3944751.191,16397816816.17658,0
2025-10-14 00:00:00.000,4239.7,4262.0,3885.09,4123.05,8470013.274,2025-10-14 23:59:59.999,34258219352.17251,11845500,4149008.192,16775972713.99781,0
2025-10-15 00:00:00.000,4123.06,4216.12,3925.0,3983.81,5383244.01,2025-10-15 23:59:59.999,21819540012.27430,8388501,2676280.211,10851209454.24153,0
2025-10-16 00:00:00.000,3983.8,4089.34,3822.5,3892.02,5731700.779,2025-10-16 23:59:59.999,22709297884.67893,9444104,2785426.699,11039477031.71406,0
2025-10-17 00:00:00.000,3892.02,3948.06,3671.0,3829.99,6653715.864,2025-10-17 23:59:59.999,25226782204.14404,10588433,3261526.179,12366430756.20759,0
2025-10-18 00:00:00.000,3830.0,3926.0,3817.21,3887.01,1938785.098,2025-10-18 23:59:59.999,7509890240.83936,3494925,964052.159,3734729677.75682,0
2025-10-19 00:00:00.000,3887.01,4030.0,3810.0,3980.59,3378168.171,2025-10-19 23:59:59.999,13293751538.49362,5024361,1696525.463,6680310360.55970,0
2025-10-20 00:00:00.000,3980.6,4085.0,3906.89,3977.54,3964193.706,2025-10-20 23:59:59.999,15854456792.02957,6197163,1958810.573,7834500393.97327,0
2025-10-21 00:00:00.000,3977.54,4108.41,3838.21,3871.11,6065458.751,2025-10-21 23:59:59.999,23982223539.19465,8882649,2965777.598,11726989182.43355,0
2025-10-22 00:00:00.000,3871.11,3887.45,3706.31,3803.93,5014922.865,2025-10-22 23:59:59.999,19162417413.61478,8670010,2460698.199,9405795396.53953,0
2025-10-23 00:00:00.000,3803.94,3933.4,3794.89,3855.21,3703936.916,2025-10-23 23:59:59.999,14306558471.25920,6351393,1847168.410,7133547396.24258,0
2025-10-24 00:00:00.000,3855.22,4026.48,3844.02,3933.19,3655431.455,2025-10-24 23:59:59.999,14370925595.57035,6259143,1793297.282,7050946974.81901,0
2025-10-25 00:00:00.000,3933.2,3968.93,3910.0,3952.25,1294911.079,2025-10-25 23:59:59.999,5100565551.56726,2320554,660468.178,2602123989.38233,0
2025-10-26 00:00:00.000,3952.24,4179.27,3914.3,4156.37,2929386.864,2025-10-26 23:59:59.999,11852616616.01451,4661450,1472768.044,5961088182.98089,0
2025-10-27 00:00:00.000,4156.36,4253.0,4090.61,4118.47,4177961.802,2025-10-27 23:59:59.999,17446812942.46984,6977860,2060147.723,8604335606.69436,0
2025-10-28 00:00:00.000,4118.46,4174.08,3925.01,3977.56,4291976.218,2025-10-28 23:59:59.999,17497055109.81833,7323112,2052915.791,8372181231.32695,0
2025-10-29 00:00:00.000,3977.56,4034.99,3836.0,3900.38,4458210.334,2025-10-29 23:59:59.999,17639590435.27133,7668112,2176233.415,8612741083.83583,0
2025-10-30 00:00:00.000,3900.38,3947.0,3677.7,3802.8,5769173.941,2025-10-30 23:59:59.999,22017129749.74984,9606081,2834214.336,10817342646.85872,0
2025-10-31 00:00:00.000,3802.8,3904.9,3794.13,3846.42,3815967.522,2025-10-31 23:59:59.999,14680218606.47905,6374992,1907672.563,7339626620.13840,0
2025-11-01 00:00:00.000,3846.42,3907.61,3828.8,3872.14,1270485.006,2025-11-01 23:59:59.999,4916549621.84477,2478182,641829.937,2483659052.02197,0
2025-11-02 00:00:00.000,3872.14,3917.0,3837.04,3904.8,1816853.789,2025-11-02 23:59:59.999,7038966407.17009,3238857,908098.423,3518678439.54914,0
2025-11-03 00:00:00.000,3904.79,3913.34,3556.0,3602.15,6599474.497,2025-11-03 23:59:59.999,24340952228.33653,10070951,3101856.608,11440337089.36183,0
2025-11-04 00:00:00.000,3602.15,3653.65,3055.0,3285.28,10678270.996,2025-11-04 23:59:59.999,36171319570.78212,15897517,5181122.338,17567242223.80083,0
2025-11-05 00:00:00.000,3285.28,3479.0,3165.41,3423.06,5529908.978,2025-11-05 23:59:59.999,18458018565.74134,10505832,2805720.156,9371135878.87705,0
2025-11-06 00:00:00.000,3423.06,3455.0,3245.0,3313.7,4923419.396,2025-11-06 23:59:59.999,16485449833.07646,8995344,2397515.509,8026923804.26709,0
2025-11-07 00:00:00.000,3313.7,3472.23,3192.92,3434.36,5003943.428,2025-11-07 23:59:59.999,16601841382.86458,10160525,2528806.548,8390658919.14615,0
2025-11-08 00:00:00.000,3434.37,3490.0,3353.31,3400.07,2663386.219,2025-11-08 23:59:59.999,9099157353.14614,5444163,1312894.573,4486131384.34617,0
2025-11-09 00:00:00.000,3400.08,3624.4,3356.74,3581.31,3242104.849,2025-11-09 23:59:59.999,11301873155.95876,6039399,1677038.198,5847009990.89904,0
2025-11-10 00:00:00.000,3581.31,3658.0,3505.55,3566.38,3732092.709,2025-11-10 23:59:59.999,13360528858.35997,7309365,1872721.194,6705385107.43077,0
2025-11-11 00:00:00.000,3566.38,3647.54,3403.02,3416.32,4510443.944,2025-11-11 23:59:59.999,15900378901.78895,8880574,2240751.876,7900568447.81050,0
2025-11-12 00:00:00.000,3416.33,3587.24,3370.0,3413.46,4885053.439,2025-11-12 23:59:59.999,16907897063.88611,8920704,2475303.169,8566692945.19030,0
2025-11-13 00:00:00.000,3413.45,3565.0,3152.49,3230.12,7753251.79,2025-11-13 23:59:59.999,26083884668.87648,13807020,3803654.811,12798805629.68556,0
2025-11-14 00:00:00.000,3230.13,3255.95,3068.0,3111.2,8107655.483,2025-11-14 23:59:59.999,25699714531.16107,16788043,3952775.054,12533282601.27943,0
2025-11-15 00:00:00.000,3111.2,3230.56,3109.16,3166.55,2382547.615,2025-11-15 23:59:59.999,7562768036.56531,5233565,1199624.502,3808048408.60312,0
2025-11-16 00:00:00.000,3166.56,3248.5,3001.01,3094.05,5514051.792,2025-11-16 23:59:59.999,17212970189.19971,9769735,2685448.444,8387684167.75581,0
2025-11-17 00:00:00.000,3094.04,3223.22,2958.0,3030.06,6720441.979,2025-11-17 23:59:59.999,20848106009.10493,12972230,3291215.866,10211876610.03888,0
2025-11-18 00:00:00.000,3030.06,3169.28,2943.31,3122.2,6218662.842,2025-11-18 23:59:59.999,18980315506.87928,13026557,3112873.052,9506834150.48540,0
2025-11-19 00:00:00.000,3122.2,3125.05,2873.0,3024.09,7755927.867,2025-11-19 23:59:59.999,23272863365.89668,13129760,3756145.969,11273357564.66225,0
2025-11-20 00:00:00.000,3024.08,3063.0,2788.01,2832.97,8009557.115,2025-11-20 23:59:59.999,23455659763.16681,12951864,3868609.133,11324741263.58337,0
2025-11-21 00:00:00.000,2832.96,2885.84,2620.0,2764.69,10727173.104,2025-11-21 23:59:59.999,29404535921.14200,18266473,5263936.460,14434276409.42476,0
2025-11-22 00:00:00.000,2764.7,2798.0,2702.87,2769.06,2709820.893,2025-11-22 23:59:59.999,7433402072.25529,5561881,1360831.644,3733818434.39116,0
2025-11-23 00:00:00.000,2769.06,2857.0,2766.87,2800.73,3288963.717,2025-11-23 23:59:59.999,9262309369.80448,6045121,1638877.336,4616345046.84180,0
2025-11-24 00:00:00.000,2800.74,2986.98,2761.38,2952.19,6158375.151,2025-11-24 23:59:59.999,17629818981.86079,10158684,3124442.647,8946862344.75279,0
2025-11-25 00:00:00.000,2952.18,2979.31,2855.0,2958.24,4774258.874,2025-11-25 23:59:59.999,13900856134.83330,8125337,2360308.097,6873883202.17060,0
2025-11-26 00:00:00.000,2958.24,3044.46,2887.09,3025.02,4273427.784,2025-11-26 23:59:59.999,12642800437.45882,6624304,2155302.965,6376376348.15385,0
2025-11-27 00:00:00.000,3025.02,3070.0,2983.81,3013.8,2959023.537,2025-11-27 23:59:59.999,8948067808.55838,4596719,1475739.288,4463480546.82840,0
2025-11-28 00:00:00.000,3013.81,3099.0,2992.1,3029.8,3878973.607,2025-11-28 23:59:59.999,11796891863.91637,5794744,1948605.739,5927214938.49761,0
2025-11-29 00:00:00.000,3029.8,3051.46,2960.01,2987.96,2258392.443,2025-11-29 23:59:59.999,6775926299.40963,3177060,1091553.426,3276297970.18338,0
2025-11-30 00:00:00.000,2987.96,3052.21,2974.0,2990.02,1978839.3,2025-11-30 23:59:59.999,5970408807.45167,3026503,992675.164,2995416403.81468,0
2025-12-01 00:00:00.000,2990.02,2998.84,2718.07,2797.47,6741830.72,2025-12-01 23:59:59.999,18971589442.10295,10476924,3317461.906,9327662554.94863,0
2025-12-02 00:00:00.000,2797.48,3034.94,2780.6,2994.63,5080990.853,2025-12-02 23:59:59.999,14815158458.25620,8158020,2578544.841,7514473874.82758,0
2025-12-03 00:00:00.000,2994.63,3216.53,2983.76,3187.07,5461248.054,2025-12-03 23:59:59.999,16873625293.15583,8723312,2840071.519,8782473468.66753,0
2025-12-04 00:00:00.000,3187.08,3239.27,3064.81,3132.01,5001099.111,2025-12-04 23:59:59.999,15859152719.01436,7753902,2434141.931,7721985985.18098,0
2025-12-05 00:00:00.000,3132.01,3192.72,2978.0,3020.38,5378728.01,2025-12-05 23:59:59.999,16628875832.68546,8370405,2611313.400,8075753333.68204,0
2025-12-06 00:00:00.000,3020.38,3068.58,3011.0,3036.53,1618613.158,2025-12-06 23:59:59.999,4915211200.82418,2879281,818924.980,2487211526.75800,0
2025-12-07 00:00:00.000,3036.53,3150.0,2903.75,3058.14,4316087.325,2025-12-07 23:59:59.999,13102163181.41413,6493338,2120089.620,6437585537.06868,0
2025-12-08 00:00:00.000,3058.14,3179.99,3038.76,3123.14,4298631.798,2025-12-08 23:59:59.999,13429694816.30503,7567429,2142741.698,6695783349.72163,0
2025-12-09 00:00:00.000,3123.15,3397.5,3089.01,3316.49,5589772.365,2025-12-09 23:59:59.999,18099810028.77385,8904592,2802759.320,9074961271.09343,0
2025-12-10 00:00:00.000,3316.5,3446.12,3286.58,3322.79,4812014.096,2025-12-10 23:59:59.999,16131527898.00717,9399126,2376392.211,7969185345.62591,0
2025-12-11 00:00:00.000,3322.8,3326.74,3142.92,3235.77,5182963.105,2025-12-11 23:59:59.999,16622839521.25866,9099788,2480302.599,7955252964.21677,0
2025-12-12 00:00:00.000,3235.78,3264.78,3041.1,3083.34,4616717.641,2025-12-12 23:59:59.999,14523686590.13976,8017963,2235893.621,7034359465.41456,0
2025-12-13 00:00:00.000,3083.34,3135.0,3075.0,3113.01,1450299.521,2025-12-13 23:59:59.999,4503562083.13692,2455782,712686.330,2213440347.65420,0
2025-12-14 00:00:00.000,3113.0,3128.65,3022.51,3062.02,2689994.308,2025-12-14 23:59:59.999,8301728632.29391,4452073,1333821.125,4117470566.30954,0
2025-12-15 00:00:00.000,3062.01,3177.0,2890.51,2963.25,6080692.972,2025-12-15 23:59:59.999,18458624279.93705,10131146,3007279.222,9137044742.49783,0
2025-12-16 00:00:00.000,2963.25,2982.1,2870.0,2960.84,4501415.709,2025-12-16 23:59:59.999,13217875098.26135,8979194,2137006.897,6277543083.12337,0
2025-12-17 00:00:00.000,2960.83,3030.0,2789.52,2832.0,5886093.565,2025-12-17 23:59:59.999,17109213289.76786,10384645,2884597.105,8387273599.50242,0
2025-12-18 00:00:00.000,2831.99,2997.05,2772.97,2827.3,6355841.595,2025-12-18 23:59:59.999,18285465909.39752,11498172,3199267.970,9201599881.04937,0
2025-12-19 00:00:00.000,2827.32,3017.99,2806.15,2978.33,5024441.542,2025-12-19 23:59:59.999,14783267707.48895,9819037,2571762.093,7566291843.36286,0
2025-12-20 00:00:00.000,2978.34,2992.97,2965.28,2976.54,1037932.071,2025-12-20 23:59:59.999,3091907124.40667,1794190,496474.727,1479159541.75933,0
2025-12-21 00:00:00.000,2976.55,3011.99,2943.0,3000.62,1880938.477,2025-12-21 23:59:59.999,5603772651.19481,3361816,942601.732,2809294042.57813,0
2025-12-22 00:00:00.000,3000.61,3077.99,2961.0,3008.49,4028005.767,2025-12-22 23:59:59.999,12186700742.80464,7635016,2056349.644,6222531204.31329,0
2025-12-23 00:00:00.000,3008.5,3035.0,2899.3,2963.29,4025936.154,2025-12-23 23:59:59.999,11896188689.51685,6847882,2004633.796,5925617669.95075,0
2025-12-24 00:00:00.000,2963.29,2976.48,2886.75,2946.23,2622651.93,2025-12-24 23:59:59.999,7687832001.93483,4466930,1339477.715,3927472790.65745,0
2025-12-25 00:00:00.000,2946.23,2969.99,2888.88,2902.32,1833895.842,2025-12-25 23:59:59.999,5381555216.75797,2958944,912375.033,2677647300.18663,0
2025-12-26 00:00:00.000,2902.32,2994.0,2892.72,2926.82,3511943.959,2025-12-26 23:59:59.999,10338553279.60866,5553736,1766906.235,5202145877.29267,0
2025-12-27 00:00:00.000,2926.83,2959.84,2914.63,2947.61,899512.695,2025-12-27 23:59:59.999,2636507869.61530,1352404,447307.621,1311245258.39815,0
2025-12-28 00:00:00.000,2947.61,2959.99,2922.84,2949.6,1156340.657,2025-12-28 23:59:59.999,3400543807.97550,1882393,563046.755,1656078988.37126,0
2025-12-29 00:00:00.000,2949.6,3056.0,2908.58,2936.45,4975460.686,2025-12-29 23:59:59.999,14777756623.34557,7102902,2503963.457,7437437095.79113,0
2025-12-30 00:00:00.000,2936.45,3008.67,2917.48,2972.22,3160478.075,2025-12-30 23:59:59.999,9386429031.82699,4897272,1569781.659,4662351274.18345,0
